vehicle_id,title,description,rodzaj,make,model,year,link,image_link,exterior_color,additional_image_link,trim,offer_disclaimer,offer_disclaimer_url,price,offer_type,term_length,offer_term_qualifier,amount_price,amount_percentage,amount_qualifier,downpayment,downpayment_qualifier,emission_disclaimer,emission_disclaimer_url,emission_overlay_disclaimer,emission_image_link,fuel_type
PEU-0AAC-5936-CE15-790,Peugeot Boxer Base · od 170601 PLN,Nowy Peugeot Boxer Base · Diesel 2.2 120 KM · Sprawdź ofertę!,modelowy,Peugeot,Peugeot Boxer,2025,https://www.peugeot.pl/modele/boxer.html,https://visual3d-secure.peugeot.com/V3DImage.ashx?client=CFGAP3D&mkt=PL&env=PROD&version=2PXE3DHOGKB0A014&ratio=1&format=jpg&quality=90&width=1280&view=001&color=0MM00NE9&back=0,Czarny Graphito,,Base,Oferta ma charakter informacyjny. Szczegóły u autoryzowanego dealera Peugeot.,https://www.peugeot.pl/modele/boxer.html,170601 PLN,CASH,,,170601 PLN,,Total,,,,,,,Diesel
PEU-0AAC-5936-4C51-790,Peugeot Boxer Base · od 170601 PLN,Nowy Peugeot Boxer Base · Diesel 2.2 120 KM · Sprawdź ofertę!,modelowy,Peugeot,Peugeot Boxer,2025,https://www.peugeot.pl/modele/boxer.html,https://visual3d-secure.peugeot.com/V3DImage.ashx?client=CFGAP3D&mkt=PL&env=PROD&version=2PXE3DHOGKB0A014&ratio=1&format=jpg&quality=90&width=1280&view=001&color=0MM00NZW&back=0,Szary Iron,,Base,Oferta ma charakter informacyjny. Szczegóły u autoryzowanego dealera Peugeot.,https://www.peugeot.pl/modele/boxer.html,170601 PLN,CASH,,,170601 PLN,,Total,,,,,,,Diesel
PEU-0AAC-5936-7185-790,Peugeot Boxer Base · od 170601 PLN,Nowy Peugeot Boxer Base · Diesel 2.2 120 KM · Sprawdź ofertę!,modelowy,Peugeot,Peugeot Boxer,2025,https://www.peugeot.pl/modele/boxer.html,https://visual3d-secure.peugeot.com/V3DImage.ashx?client=CFGAP3D&mkt=PL&env=PROD&version=2PXE3DHOGKB0A014&ratio=1&format=jpg&quality=90&width=1280&view=001&color=0MM00NF4&back=0,Szary Artense / Steel,,Base,Oferta ma charakter informacyjny. Szczegóły u autoryzowanego dealera Peugeot.,https://www.peugeot.pl/modele/boxer.html,170601 PLN,CASH,,,170601 PLN,,Total,,,,,,,Diesel
PEU-0AAC-5936-297C-790,Peugeot Boxer Base · od 170601 PLN,Nowy Peugeot Boxer Base · Diesel 2.2 120 KM · Sprawdź ofertę!,modelowy,Peugeot,Peugeot Boxer,2025,https://www.peugeot.pl/modele/boxer.html,https://visual3d-secure.peugeot.com/V3DImage.ashx?client=CFGAP3D&mkt=PL&env=PROD&version=2PXE3DHOGKB0A014&ratio=1&format=jpg&quality=90&width=1280&view=001&color=0MP00N4K&back=0,Szary Expedition,,Base,Oferta ma charakter informacyjny. Szczegóły u autoryzowanego dealera Peugeot.,https://www.peugeot.pl/modele/boxer.html,170601 PLN,CASH,,,170601 PLN,,Total,,,,,,,Diesel
PEU-0AAC-5936-4191-790,Peugeot Boxer Base · od 170601 PLN,Nowy Peugeot Boxer Base · Diesel 2.2 120 KM · Sprawdź ofertę!,modelowy,Peugeot,Peugeot Boxer,2025,https://www.peugeot.pl/modele/boxer.html,https://visual3d-secure.peugeot.com/V3DImage.ashx?client=CFGAP3D&mkt=PL&env=PROD&version=2PXE3DHOGKB0A014&ratio=1&format=jpg&quality=90&width=1280&view=001&color=0MP00NPR&back=0,Biały Icy,,Base,Oferta ma charakter informacyjny. Szczegóły u autoryzowanego dealera Peugeot.,https://www.peugeot.pl/modele/boxer.html,170601 PLN,CASH,,,170601 PLN,,Total,,,,,,,Diesel
PEU-0AAC-5936-84BB-790,Peugeot Boxer Base · od 170601 PLN,Nowy Peugeot Boxer Base · Diesel 2.2 120 KM · Sprawdź ofertę!,modelowy,Peugeot,Peugeot Boxer,2025,https://www.peugeot.pl/modele/boxer.html,https://visual3d-secure.peugeot.com/V3DImage.ashx?client=CFGAP3D&mkt=PL&env=PROD&version=2PXE3DHOGKB0A014&ratio=1&format=jpg&quality=90&width=1280&view=001&color=0MP00N2B&back=0,Szary Lanzarote / Thunder,,Base,Oferta ma charakter informacyjny. Szczegóły u autoryzowanego dealera Peugeot.,https://www.peugeot.pl/modele/boxer.html,170601 PLN,CASH,,,170601 PLN,,Total,,,,,,,Diesel
PEU-0AAC-5936-EB46-790,Peugeot Boxer Base · od 170601 PLN,Nowy Peugeot Boxer Base · Diesel 2.2 120 KM · Sprawdź ofertę!,modelowy,Peugeot,Peugeot Boxer,2025,https://www.peugeot.pl/modele/boxer.html,https://visual3d-secure.peugeot.com/V3DImage.ashx?client=CFGAP3D&mkt=PL&env=PROD&version=2PXE6YHOKKB0A014&ratio=1&format=jpg&quality=90&width=1280&view=001&color=0ME00N1X&back=0,FLOTTE ROUGE TIZIANO,,Base,Oferta ma charakter informacyjny. Szczegóły u autoryzowanego dealera Peugeot.,https://www.peugeot.pl/modele/boxer.html,170601 PLN,CASH,,,170601 PLN,,Total,,,,,,,Diesel
PEU-0AAC-5936-9706-790,Peugeot Boxer Base · od 170601 PLN,Nowy Peugeot Boxer Base · Diesel 2.2 120 KM · Sprawdź ofertę!,modelowy,Peugeot,Peugeot Boxer,2025,https://www.peugeot.pl/modele/boxer.html,https://visual3d-secure.peugeot.com/V3DImage.ashx?client=CFGAP3D&mkt=PL&env=PROD&version=2PXE5KHOKKB0A014&ratio=1&format=jpg&quality=90&width=1280&view=001&color=0ME00NHS&back=0,FLOTTE ORANGE RAL 2011,,Base,Oferta ma charakter informacyjny. Szczegóły u autoryzowanego dealera Peugeot.,https://www.peugeot.pl/modele/boxer.html,170601 PLN,CASH,,,170601 PLN,,Total,,,,,,,Diesel
PEU-0AAC-5936-CE15-94B,Peugeot Boxer Base · od 174906 PLN,Nowy Peugeot Boxer Base · Diesel 2.2 140 KM · Sprawdź ofertę!,modelowy,Peugeot,Peugeot Boxer,2025,https://www.peugeot.pl/modele/boxer.html,https://visual3d-secure.peugeot.com/V3DImage.ashx?client=CFGAP3D&mkt=PL&env=PROD&version=2PXE3DHOGKB0A014&ratio=1&format=jpg&quality=90&width=1280&view=001&color=0MM00NE9&back=0,Czarny Graphito,,Base,Oferta ma charakter informacyjny. Szczegóły u autoryzowanego dealera Peugeot.,https://www.peugeot.pl/modele/boxer.html,174906 PLN,CASH,,,174906 PLN,,Total,,,,,,,Diesel
PEU-0AAC-5936-4C51-94B,Peugeot Boxer Base · od 174906 PLN,Nowy Peugeot Boxer Base · Diesel 2.2 140 KM · Sprawdź ofertę!,modelowy,Peugeot,Peugeot Boxer,2025,https://www.peugeot.pl/modele/boxer.html,https://visual3d-secure.peugeot.com/V3DImage.ashx?client=CFGAP3D&mkt=PL&env=PROD&version=2PXE3DHOGKB0A014&ratio=1&format=jpg&quality=90&width=1280&view=001&color=0MM00NZW&back=0,Szary Iron,,Base,Oferta ma charakter informacyjny. Szczegóły u autoryzowanego dealera Peugeot.,https://www.peugeot.pl/modele/boxer.html,174906 PLN,CASH,,,174906 PLN,,Total,,,,,,,Diesel
PEU-0AAC-5936-7185-94B,Peugeot Boxer Base · od 174906 PLN,Nowy Peugeot Boxer Base · Diesel 2.2 140 KM · Sprawdź ofertę!,modelowy,Peugeot,Peugeot Boxer,2025,https://www.peugeot.pl/modele/boxer.html,https://visual3d-secure.peugeot.com/V3DImage.ashx?client=CFGAP3D&mkt=PL&env=PROD&version=2PXE3DHOGKB0A014&ratio=1&format=jpg&quality=90&width=1280&view=001&color=0MM00NF4&back=0,Szary Artense / Steel,,Base,Oferta ma charakter informacyjny. Szczegóły u autoryzowanego dealera Peugeot.,https://www.peugeot.pl/modele/boxer.html,174906 PLN,CASH,,,174906 PLN,,Total,,,,,,,Diesel
PEU-0AAC-5936-297C-94B,Peugeot Boxer Base · od 174906 PLN,Nowy Peugeot Boxer Base · Diesel 2.2 140 KM · Sprawdź ofertę!,modelowy,Peugeot,Peugeot Boxer,2025,https://www.peugeot.pl/modele/boxer.html,https://visual3d-secure.peugeot.com/V3DImage.ashx?client=CFGAP3D&mkt=PL&env=PROD&version=2PXE3DHOGKB0A014&ratio=1&format=jpg&quality=90&width=1280&view=001&color=0MP00N4K&back=0,Szary Expedition,,Base,Oferta ma charakter informacyjny. Szczegóły u autoryzowanego dealera Peugeot.,https://www.peugeot.pl/modele/boxer.html,174906 PLN,CASH,,,174906 PLN,,Total,,,,,,,Diesel
PEU-0AAC-5936-4191-94B,Peugeot Boxer Base · od 174906 PLN,Nowy Peugeot Boxer Base · Diesel 2.2 140 KM · Sprawdź ofertę!,modelowy,Peugeot,Peugeot Boxer,2025,https://www.peugeot.pl/modele/boxer.html,https://visual3d-secure.peugeot.com/V3DImage.ashx?client=CFGAP3D&mkt=PL&env=PROD&version=2PXE3DHOGKB0A014&ratio=1&format=jpg&quality=90&width=1280&view=001&color=0MP00NPR&back=0,Biały Icy,,Base,Oferta ma charakter informacyjny. Szczegóły u autoryzowanego dealera Peugeot.,https://www.peugeot.pl/modele/boxer.html,174906 PLN,CASH,,,174906 PLN,,Total,,,,,,,Diesel
PEU-0AAC-5936-84BB-94B,Peugeot Boxer Base · od 174906 PLN,Nowy Peugeot Boxer Base · Diesel 2.2 140 KM · Sprawdź ofertę!,modelowy,Peugeot,Peugeot Boxer,2025,https://www.peugeot.pl/modele/boxer.html,https://visual3d-secure.peugeot.com/V3DImage.ashx?client=CFGAP3D&mkt=PL&env=PROD&version=2PXE3DHOGKB0A014&ratio=1&format=jpg&quality=90&width=1280&view=001&color=0MP00N2B&back=0,Szary Lanzarote / Thunder,,Base,Oferta ma charakter informacyjny. Szczegóły u autoryzowanego dealera Peugeot.,https://www.peugeot.pl/modele/boxer.html,174906 PLN,CASH,,,174906 PLN,,Total,,,,,,,Diesel
PEU-0AAC-5936-EB46-94B,Peugeot Boxer Base · od 174906 PLN,Nowy Peugeot Boxer Base · Diesel 2.2 140 KM · Sprawdź ofertę!,modelowy,Peugeot,Peugeot Boxer,2025,https://www.peugeot.pl/modele/boxer.html,https://visual3d-secure.peugeot.com/V3DImage.ashx?client=CFGAP3D&mkt=PL&env=PROD&version=2PXE6YHOKKB0A014&ratio=1&format=jpg&quality=90&width=1280&view=001&color=0ME00N1X&back=0,FLOTTE ROUGE TIZIANO,,Base,Oferta ma charakter informacyjny. Szczegóły u autoryzowanego dealera Peugeot.,https://www.peugeot.pl/modele/boxer.html,174906 PLN,CASH,,,174906 PLN,,Total,,,,,,,Diesel
PEU-0AAC-5936-9706-94B,Peugeot Boxer Base · od 174906 PLN,Nowy Peugeot Boxer Base · Diesel 2.2 140 KM · Sprawdź ofertę!,modelowy,Peugeot,Peugeot Boxer,2025,https://www.peugeot.pl/modele/boxer.html,https://visual3d-secure.peugeot.com/V3DImage.ashx?client=CFGAP3D&mkt=PL&env=PROD&version=2PXE5KHOKKB0A014&ratio=1&format=jpg&quality=90&width=1280&view=001&color=0ME00NHS&back=0,FLOTTE ORANGE RAL 2011,,Base,Oferta ma charakter informacyjny. Szczegóły u autoryzowanego dealera Peugeot.,https://www.peugeot.pl/modele/boxer.html,174906 PLN,CASH,,,174906 PLN,,Total,,,,,,,Diesel
PEU-0AAC-5936-CE15-133,Peugeot Boxer Base · od 175152 PLN,Nowy Peugeot Boxer Base · Diesel 2.2 140 KM HD · Sprawdź ofertę!,modelowy,Peugeot,Peugeot Boxer,2025,https://www.peugeot.pl/modele/boxer.html,https://visual3d-secure.peugeot.com/V3DImage.ashx?client=CFGAP3D&mkt=PL&env=PROD&version=2PXE3DHOGKB0A014&ratio=1&format=jpg&quality=90&width=1280&view=001&color=0MM00NE9&back=0,Czarny Graphito,,Base,Oferta ma charakter informacyjny. Szczegóły u autoryzowanego dealera Peugeot.,https://www.peugeot.pl/modele/boxer.html,175152 PLN,CASH,,,175152 PLN,,Total,,,,,,,Diesel
PEU-0AAC-5936-4C51-133,Peugeot Boxer Base · od 175152 PLN,Nowy Peugeot Boxer Base · Diesel 2.2 140 KM HD · Sprawdź ofertę!,modelowy,Peugeot,Peugeot Boxer,2025,https://www.peugeot.pl/modele/boxer.html,https://visual3d-secure.peugeot.com/V3DImage.ashx?client=CFGAP3D&mkt=PL&env=PROD&version=2PXE3DHOGKB0A014&ratio=1&format=jpg&quality=90&width=1280&view=001&color=0MM00NZW&back=0,Szary Iron,,Base,Oferta ma charakter informacyjny. Szczegóły u autoryzowanego dealera Peugeot.,https://www.peugeot.pl/modele/boxer.html,175152 PLN,CASH,,,175152 PLN,,Total,,,,,,,Diesel
PEU-0AAC-5936-7185-133,Peugeot Boxer Base · od 175152 PLN,Nowy Peugeot Boxer Base · Diesel 2.2 140 KM HD · Sprawdź ofertę!,modelowy,Peugeot,Peugeot Boxer,2025,https://www.peugeot.pl/modele/boxer.html,https://visual3d-secure.peugeot.com/V3DImage.ashx?client=CFGAP3D&mkt=PL&env=PROD&version=2PXE3DHOGKB0A014&ratio=1&format=jpg&quality=90&width=1280&view=001&color=0MM00NF4&back=0,Szary Artense / Steel,,Base,Oferta ma charakter informacyjny. Szczegóły u autoryzowanego dealera Peugeot.,https://www.peugeot.pl/modele/boxer.html,175152 PLN,CASH,,,175152 PLN,,Total,,,,,,,Diesel
PEU-0AAC-5936-297C-133,Peugeot Boxer Base · od 175152 PLN,Nowy Peugeot Boxer Base · Diesel 2.2 140 KM HD · Sprawdź ofertę!,modelowy,Peugeot,Peugeot Boxer,2025,https://www.peugeot.pl/modele/boxer.html,https://visual3d-secure.peugeot.com/V3DImage.ashx?client=CFGAP3D&mkt=PL&env=PROD&version=2PXE3DHOGKB0A014&ratio=1&format=jpg&quality=90&width=1280&view=001&color=0MP00N4K&back=0,Szary Expedition,,Base,Oferta ma charakter informacyjny. Szczegóły u autoryzowanego dealera Peugeot.,https://www.peugeot.pl/modele/boxer.html,175152 PLN,CASH,,,175152 PLN,,Total,,,,,,,Diesel
PEU-0AAC-5936-4191-133,Peugeot Boxer Base · od 175152 PLN,Nowy Peugeot Boxer Base · Diesel 2.2 140 KM HD · Sprawdź ofertę!,modelowy,Peugeot,Peugeot Boxer,2025,https://www.peugeot.pl/modele/boxer.html,https://visual3d-secure.peugeot.com/V3DImage.ashx?client=CFGAP3D&mkt=PL&env=PROD&version=2PXE3DHOGKB0A014&ratio=1&format=jpg&quality=90&width=1280&view=001&color=0MP00NPR&back=0,Biały Icy,,Base,Oferta ma charakter informacyjny. Szczegóły u autoryzowanego dealera Peugeot.,https://www.peugeot.pl/modele/boxer.html,175152 PLN,CASH,,,175152 PLN,,Total,,,,,,,Diesel
PEU-0AAC-5936-84BB-133,Peugeot Boxer Base · od 175152 PLN,Nowy Peugeot Boxer Base · Diesel 2.2 140 KM HD · Sprawdź ofertę!,modelowy,Peugeot,Peugeot Boxer,2025,https://www.peugeot.pl/modele/boxer.html,https://visual3d-secure.peugeot.com/V3DImage.ashx?client=CFGAP3D&mkt=PL&env=PROD&version=2PXE3DHOGKB0A014&ratio=1&format=jpg&quality=90&width=1280&view=001&color=0MP00N2B&back=0,Szary Lanzarote / Thunder,,Base,Oferta ma charakter informacyjny. Szczegóły u autoryzowanego dealera Peugeot.,https://www.peugeot.pl/modele/boxer.html,175152 PLN,CASH,,,175152 PLN,,Total,,,,,,,Diesel
PEU-0AAC-5936-EB46-133,Peugeot Boxer Base · od 175152 PLN,Nowy Peugeot Boxer Base · Diesel 2.2 140 KM HD · Sprawdź ofertę!,modelowy,Peugeot,Peugeot Boxer,2025,https://www.peugeot.pl/modele/boxer.html,https://visual3d-secure.peugeot.com/V3DImage.ashx?client=CFGAP3D&mkt=PL&env=PROD&version=2PXE6YHOKKB0A014&ratio=1&format=jpg&quality=90&width=1280&view=001&color=0ME00N1X&back=0,FLOTTE ROUGE TIZIANO,,Base,Oferta ma charakter informacyjny. Szczegóły u autoryzowanego dealera Peugeot.,https://www.peugeot.pl/modele/boxer.html,175152 PLN,CASH,,,175152 PLN,,Total,,,,,,,Diesel
PEU-0AAC-5936-9706-133,Peugeot Boxer Base · od 175152 PLN,Nowy Peugeot Boxer Base · Diesel 2.2 140 KM HD · Sprawdź ofertę!,modelowy,Peugeot,Peugeot Boxer,2025,https://www.peugeot.pl/modele/boxer.html,https://visual3d-secure.peugeot.com/V3DImage.ashx?client=CFGAP3D&mkt=PL&env=PROD&version=2PXE5KHOKKB0A014&ratio=1&format=jpg&quality=90&width=1280&view=001&color=0ME00NHS&back=0,FLOTTE ORANGE RAL 2011,,Base,Oferta ma charakter informacyjny. Szczegóły u autoryzowanego dealera Peugeot.,https://www.peugeot.pl/modele/boxer.html,175152 PLN,CASH,,,175152 PLN,,Total,,,,,,,Diesel
PEU-0AAC-5936-CE15-505,Peugeot Boxer Base · od 186099 PLN,Nowy Peugeot Boxer Base · Diesel 2.2 180 KM HD · Sprawdź ofertę!,modelowy,Peugeot,Peugeot Boxer,2025,https://www.peugeot.pl/modele/boxer.html,https://visual3d-secure.peugeot.com/V3DImage.ashx?client=CFGAP3D&mkt=PL&env=PROD&version=2PXE3DHOGKB0A014&ratio=1&format=jpg&quality=90&width=1280&view=001&color=0MM00NE9&back=0,Czarny Graphito,,Base,Oferta ma charakter informacyjny. Szczegóły u autoryzowanego dealera Peugeot.,https://www.peugeot.pl/modele/boxer.html,186099 PLN,CASH,,,186099 PLN,,Total,,,,,,,Diesel
PEU-0AAC-5936-4C51-505,Peugeot Boxer Base · od 186099 PLN,Nowy Peugeot Boxer Base · Diesel 2.2 180 KM HD · Sprawdź ofertę!,modelowy,Peugeot,Peugeot Boxer,2025,https://www.peugeot.pl/modele/boxer.html,https://visual3d-secure.peugeot.com/V3DImage.ashx?client=CFGAP3D&mkt=PL&env=PROD&version=2PXE3DHOGKB0A014&ratio=1&format=jpg&quality=90&width=1280&view=001&color=0MM00NZW&back=0,Szary Iron,,Base,Oferta ma charakter informacyjny. Szczegóły u autoryzowanego dealera Peugeot.,https://www.peugeot.pl/modele/boxer.html,186099 PLN,CASH,,,186099 PLN,,Total,,,,,,,Diesel
PEU-0AAC-5936-7185-505,Peugeot Boxer Base · od 186099 PLN,Nowy Peugeot Boxer Base · Diesel 2.2 180 KM HD · Sprawdź ofertę!,modelowy,Peugeot,Peugeot Boxer,2025,https://www.peugeot.pl/modele/boxer.html,https://visual3d-secure.peugeot.com/V3DImage.ashx?client=CFGAP3D&mkt=PL&env=PROD&version=2PXE3DHOGKB0A014&ratio=1&format=jpg&quality=90&width=1280&view=001&color=0MM00NF4&back=0,Szary Artense / Steel,,Base,Oferta ma charakter informacyjny. Szczegóły u autoryzowanego dealera Peugeot.,https://www.peugeot.pl/modele/boxer.html,186099 PLN,CASH,,,186099 PLN,,Total,,,,,,,Diesel
PEU-0AAC-5936-297C-505,Peugeot Boxer Base · od 186099 PLN,Nowy Peugeot Boxer Base · Diesel 2.2 180 KM HD · Sprawdź ofertę!,modelowy,Peugeot,Peugeot Boxer,2025,https://www.peugeot.pl/modele/boxer.html,https://visual3d-secure.peugeot.com/V3DImage.ashx?client=CFGAP3D&mkt=PL&env=PROD&version=2PXE3DHOGKB0A014&ratio=1&format=jpg&quality=90&width=1280&view=001&color=0MP00N4K&back=0,Szary Expedition,,Base,Oferta ma charakter informacyjny. Szczegóły u autoryzowanego dealera Peugeot.,https://www.peugeot.pl/modele/boxer.html,186099 PLN,CASH,,,186099 PLN,,Total,,,,,,,Diesel
PEU-0AAC-5936-4191-505,Peugeot Boxer Base · od 186099 PLN,Nowy Peugeot Boxer Base · Diesel 2.2 180 KM HD · Sprawdź ofertę!,modelowy,Peugeot,Peugeot Boxer,2025,https://www.peugeot.pl/modele/boxer.html,https://visual3d-secure.peugeot.com/V3DImage.ashx?client=CFGAP3D&mkt=PL&env=PROD&version=2PXE3DHOGKB0A014&ratio=1&format=jpg&quality=90&width=1280&view=001&color=0MP00NPR&back=0,Biały Icy,,Base,Oferta ma charakter informacyjny. Szczegóły u autoryzowanego dealera Peugeot.,https://www.peugeot.pl/modele/boxer.html,186099 PLN,CASH,,,186099 PLN,,Total,,,,,,,Diesel
PEU-0AAC-5936-84BB-505,Peugeot Boxer Base · od 186099 PLN,Nowy Peugeot Boxer Base · Diesel 2.2 180 KM HD · Sprawdź ofertę!,modelowy,Peugeot,Peugeot Boxer,2025,https://www.peugeot.pl/modele/boxer.html,https://visual3d-secure.peugeot.com/V3DImage.ashx?client=CFGAP3D&mkt=PL&env=PROD&version=2PXE3DHOGKB0A014&ratio=1&format=jpg&quality=90&width=1280&view=001&color=0MP00N2B&back=0,Szary Lanzarote / Thunder,,Base,Oferta ma charakter informacyjny. Szczegóły u autoryzowanego dealera Peugeot.,https://www.peugeot.pl/modele/boxer.html,186099 PLN,CASH,,,186099 PLN,,Total,,,,,,,Diesel
PEU-0AAC-5936-EB46-505,Peugeot Boxer Base · od 186099 PLN,Nowy Peugeot Boxer Base · Diesel 2.2 180 KM HD · Sprawdź ofertę!,modelowy,Peugeot,Peugeot Boxer,2025,https://www.peugeot.pl/modele/boxer.html,https://visual3d-secure.peugeot.com/V3DImage.ashx?client=CFGAP3D&mkt=PL&env=PROD&version=2PXE6YHOKKB0A014&ratio=1&format=jpg&quality=90&width=1280&view=001&color=0ME00N1X&back=0,FLOTTE ROUGE TIZIANO,,Base,Oferta ma charakter informacyjny. Szczegóły u autoryzowanego dealera Peugeot.,https://www.peugeot.pl/modele/boxer.html,186099 PLN,CASH,,,186099 PLN,,Total,,,,,,,Diesel
PEU-0AAC-5936-9706-505,Peugeot Boxer Base · od 186099 PLN,Nowy Peugeot Boxer Base · Diesel 2.2 180 KM HD · Sprawdź ofertę!,modelowy,Peugeot,Peugeot Boxer,2025,https://www.peugeot.pl/modele/boxer.html,https://visual3d-secure.peugeot.com/V3DImage.ashx?client=CFGAP3D&mkt=PL&env=PROD&version=2PXE5KHOKKB0A014&ratio=1&format=jpg&quality=90&width=1280&view=001&color=0ME00NHS&back=0,FLOTTE ORANGE RAL 2011,,Base,Oferta ma charakter informacyjny. Szczegóły u autoryzowanego dealera Peugeot.,https://www.peugeot.pl/modele/boxer.html,186099 PLN,CASH,,,186099 PLN,,Total,,,,,,,Diesel
PEU-0AAC-5936-CE15-EE8,Peugeot Boxer Base · od 188559 PLN,Nowy Peugeot Boxer Base · Diesel 2.2 180 KM · Sprawdź ofertę!,modelowy,Peugeot,Peugeot Boxer,2025,https://www.peugeot.pl/modele/boxer.html,https://visual3d-secure.peugeot.com/V3DImage.ashx?client=CFGAP3D&mkt=PL&env=PROD&version=2PXE3DHOGKB0A014&ratio=1&format=jpg&quality=90&width=1280&view=001&color=0MM00NE9&back=0,Czarny Graphito,,Base,Oferta ma charakter informacyjny. Szczegóły u autoryzowanego dealera Peugeot.,https://www.peugeot.pl/modele/boxer.html,188559 PLN,CASH,,,188559 PLN,,Total,,,,,,,Diesel
PEU-0AAC-5936-4C51-EE8,Peugeot Boxer Base · od 188559 PLN,Nowy Peugeot Boxer Base · Diesel 2.2 180 KM · Sprawdź ofertę!,modelowy,Peugeot,Peugeot Boxer,2025,https://www.peugeot.pl/modele/boxer.html,https://visual3d-secure.peugeot.com/V3DImage.ashx?client=CFGAP3D&mkt=PL&env=PROD&version=2PXE3DHOGKB0A014&ratio=1&format=jpg&quality=90&width=1280&view=001&color=0MM00NZW&back=0,Szary Iron,,Base,Oferta ma charakter informacyjny. Szczegóły u autoryzowanego dealera Peugeot.,https://www.peugeot.pl/modele/boxer.html,188559 PLN,CASH,,,188559 PLN,,Total,,,,,,,Diesel
PEU-0AAC-5936-7185-EE8,Peugeot Boxer Base · od 188559 PLN,Nowy Peugeot Boxer Base · Diesel 2.2 180 KM · Sprawdź ofertę!,modelowy,Peugeot,Peugeot Boxer,2025,https://www.peugeot.pl/modele/boxer.html,https://visual3d-secure.peugeot.com/V3DImage.ashx?client=CFGAP3D&mkt=PL&env=PROD&version=2PXE3DHOGKB0A014&ratio=1&format=jpg&quality=90&width=1280&view=001&color=0MM00NF4&back=0,Szary Artense / Steel,,Base,Oferta ma charakter informacyjny. Szczegóły u autoryzowanego dealera Peugeot.,https://www.peugeot.pl/modele/boxer.html,188559 PLN,CASH,,,188559 PLN,,Total,,,,,,,Diesel
PEU-0AAC-5936-297C-EE8,Peugeot Boxer Base · od 188559 PLN,Nowy Peugeot Boxer Base · Diesel 2.2 180 KM · Sprawdź ofertę!,modelowy,Peugeot,Peugeot Boxer,2025,https://www.peugeot.pl/modele/boxer.html,https://visual3d-secure.peugeot.com/V3DImage.ashx?client=CFGAP3D&mkt=PL&env=PROD&version=2PXE3DHOGKB0A014&ratio=1&format=jpg&quality=90&width=1280&view=001&color=0MP00N4K&back=0,Szary Expedition,,Base,Oferta ma charakter informacyjny. Szczegóły u autoryzowanego dealera Peugeot.,https://www.peugeot.pl/modele/boxer.html,188559 PLN,CASH,,,188559 PLN,,Total,,,,,,,Diesel
PEU-0AAC-5936-4191-EE8,Peugeot Boxer Base · od 188559 PLN,Nowy Peugeot Boxer Base · Diesel 2.2 180 KM · Sprawdź ofertę!,modelowy,Peugeot,Peugeot Boxer,2025,https://www.peugeot.pl/modele/boxer.html,https://visual3d-secure.peugeot.com/V3DImage.ashx?client=CFGAP3D&mkt=PL&env=PROD&version=2PXE3DHOGKB0A014&ratio=1&format=jpg&quality=90&width=1280&view=001&color=0MP00NPR&back=0,Biały Icy,,Base,Oferta ma charakter informacyjny. Szczegóły u autoryzowanego dealera Peugeot.,https://www.peugeot.pl/modele/boxer.html,188559 PLN,CASH,,,188559 PLN,,Total,,,,,,,Diesel
PEU-0AAC-5936-84BB-EE8,Peugeot Boxer Base · od 188559 PLN,Nowy Peugeot Boxer Base · Diesel 2.2 180 KM · Sprawdź ofertę!,modelowy,Peugeot,Peugeot Boxer,2025,https://www.peugeot.pl/modele/boxer.html,https://visual3d-secure.peugeot.com/V3DImage.ashx?client=CFGAP3D&mkt=PL&env=PROD&version=2PXE3DHOGKB0A014&ratio=1&format=jpg&quality=90&width=1280&view=001&color=0MP00N2B&back=0,Szary Lanzarote / Thunder,,Base,Oferta ma charakter informacyjny. Szczegóły u autoryzowanego dealera Peugeot.,https://www.peugeot.pl/modele/boxer.html,188559 PLN,CASH,,,188559 PLN,,Total,,,,,,,Diesel
PEU-0AAC-5936-EB46-EE8,Peugeot Boxer Base · od 188559 PLN,Nowy Peugeot Boxer Base · Diesel 2.2 180 KM · Sprawdź ofertę!,modelowy,Peugeot,Peugeot Boxer,2025,https://www.peugeot.pl/modele/boxer.html,https://visual3d-secure.peugeot.com/V3DImage.ashx?client=CFGAP3D&mkt=PL&env=PROD&version=2PXE6YHOKKB0A014&ratio=1&format=jpg&quality=90&width=1280&view=001&color=0ME00N1X&back=0,FLOTTE ROUGE TIZIANO,,Base,Oferta ma charakter informacyjny. Szczegóły u autoryzowanego dealera Peugeot.,https://www.peugeot.pl/modele/boxer.html,188559 PLN,CASH,,,188559 PLN,,Total,,,,,,,Diesel
PEU-0AAC-5936-9706-EE8,Peugeot Boxer Base · od 188559 PLN,Nowy Peugeot Boxer Base · Diesel 2.2 180 KM · Sprawdź ofertę!,modelowy,Peugeot,Peugeot Boxer,2025,https://www.peugeot.pl/modele/boxer.html,https://visual3d-secure.peugeot.com/V3DImage.ashx?client=CFGAP3D&mkt=PL&env=PROD&version=2PXE5KHOKKB0A014&ratio=1&format=jpg&quality=90&width=1280&view=001&color=0ME00NHS&back=0,FLOTTE ORANGE RAL 2011,,Base,Oferta ma charakter informacyjny. Szczegóły u autoryzowanego dealera Peugeot.,https://www.peugeot.pl/modele/boxer.html,188559 PLN,CASH,,,188559 PLN,,Total,,,,,,,Diesel
PEU-0AAC-5936-CE15-F01,Peugeot Boxer Base · od 302457 PLN,Nowy Peugeot Boxer Base · Elektryczny 270 KM / 110 kWh · Sprawdź ofertę!,modelowy,Peugeot,Peugeot Boxer,2025,https://www.peugeot.pl/modele/boxer.html,https://visual3d-secure.peugeot.com/V3DImage.ashx?client=CFGAP3D&mkt=PL&env=PROD&version=2PXE3DHOGKB0A014&ratio=1&format=jpg&quality=90&width=1280&view=001&color=0MM00NE9&back=0,Czarny Graphito,,Base,Oferta ma charakter informacyjny. Szczegóły u autoryzowanego dealera Peugeot.,https://www.peugeot.pl/modele/boxer.html,302457 PLN,CASH,,,302457 PLN,,Total,,,,,,,Electric
PEU-0AAC-5936-4C51-F01,Peugeot Boxer Base · od 302457 PLN,Nowy Peugeot Boxer Base · Elektryczny 270 KM / 110 kWh · Sprawdź ofertę!,modelowy,Peugeot,Peugeot Boxer,2025,https://www.peugeot.pl/modele/boxer.html,https://visual3d-secure.peugeot.com/V3DImage.ashx?client=CFGAP3D&mkt=PL&env=PROD&version=2PXE3DHOGKB0A014&ratio=1&format=jpg&quality=90&width=1280&view=001&color=0MM00NZW&back=0,Szary Iron,,Base,Oferta ma charakter informacyjny. Szczegóły u autoryzowanego dealera Peugeot.,https://www.peugeot.pl/modele/boxer.html,302457 PLN,CASH,,,302457 PLN,,Total,,,,,,,Electric
PEU-0AAC-5936-7185-F01,Peugeot Boxer Base · od 302457 PLN,Nowy Peugeot Boxer Base · Elektryczny 270 KM / 110 kWh · Sprawdź ofertę!,modelowy,Peugeot,Peugeot Boxer,2025,https://www.peugeot.pl/modele/boxer.html,https://visual3d-secure.peugeot.com/V3DImage.ashx?client=CFGAP3D&mkt=PL&env=PROD&version=2PXE3DHOGKB0A014&ratio=1&format=jpg&quality=90&width=1280&view=001&color=0MM00NF4&back=0,Szary Artense / Steel,,Base,Oferta ma charakter informacyjny. Szczegóły u autoryzowanego dealera Peugeot.,https://www.peugeot.pl/modele/boxer.html,302457 PLN,CASH,,,302457 PLN,,Total,,,,,,,Electric
PEU-0AAC-5936-297C-F01,Peugeot Boxer Base · od 302457 PLN,Nowy Peugeot Boxer Base · Elektryczny 270 KM / 110 kWh · Sprawdź ofertę!,modelowy,Peugeot,Peugeot Boxer,2025,https://www.peugeot.pl/modele/boxer.html,https://visual3d-secure.peugeot.com/V3DImage.ashx?client=CFGAP3D&mkt=PL&env=PROD&version=2PXE3DHOGKB0A014&ratio=1&format=jpg&quality=90&width=1280&view=001&color=0MP00N4K&back=0,Szary Expedition,,Base,Oferta ma charakter informacyjny. Szczegóły u autoryzowanego dealera Peugeot.,https://www.peugeot.pl/modele/boxer.html,302457 PLN,CASH,,,302457 PLN,,Total,,,,,,,Electric
PEU-0AAC-5936-4191-F01,Peugeot Boxer Base · od 302457 PLN,Nowy Peugeot Boxer Base · Elektryczny 270 KM / 110 kWh · Sprawdź ofertę!,modelowy,Peugeot,Peugeot Boxer,2025,https://www.peugeot.pl/modele/boxer.html,https://visual3d-secure.peugeot.com/V3DImage.ashx?client=CFGAP3D&mkt=PL&env=PROD&version=2PXE3DHOGKB0A014&ratio=1&format=jpg&quality=90&width=1280&view=001&color=0MP00NPR&back=0,Biały Icy,,Base,Oferta ma charakter informacyjny. Szczegóły u autoryzowanego dealera Peugeot.,https://www.peugeot.pl/modele/boxer.html,302457 PLN,CASH,,,302457 PLN,,Total,,,,,,,Electric
PEU-0AAC-5936-84BB-F01,Peugeot Boxer Base · od 302457 PLN,Nowy Peugeot Boxer Base · Elektryczny 270 KM / 110 kWh · Sprawdź ofertę!,modelowy,Peugeot,Peugeot Boxer,2025,https://www.peugeot.pl/modele/boxer.html,https://visual3d-secure.peugeot.com/V3DImage.ashx?client=CFGAP3D&mkt=PL&env=PROD&version=2PXE3DHOGKB0A014&ratio=1&format=jpg&quality=90&width=1280&view=001&color=0MP00N2B&back=0,Szary Lanzarote / Thunder,,Base,Oferta ma charakter informacyjny. Szczegóły u autoryzowanego dealera Peugeot.,https://www.peugeot.pl/modele/boxer.html,302457 PLN,CASH,,,302457 PLN,,Total,,,,,,,Electric
PEU-0AAC-5936-EB46-F01,Peugeot Boxer Base · od 302457 PLN,Nowy Peugeot Boxer Base · Elektryczny 270 KM / 110 kWh · Sprawdź ofertę!,modelowy,Peugeot,Peugeot Boxer,2025,https://www.peugeot.pl/modele/boxer.html,https://visual3d-secure.peugeot.com/V3DImage.ashx?client=CFGAP3D&mkt=PL&env=PROD&version=2PXE6YHOKKB0A014&ratio=1&format=jpg&quality=90&width=1280&view=001&color=0ME00N1X&back=0,FLOTTE ROUGE TIZIANO,,Base,Oferta ma charakter informacyjny. Szczegóły u autoryzowanego dealera Peugeot.,https://www.peugeot.pl/modele/boxer.html,302457 PLN,CASH,,,302457 PLN,,Total,,,,,,,Electric
PEU-0AAC-5936-9706-F01,Peugeot Boxer Base · od 302457 PLN,Nowy Peugeot Boxer Base · Elektryczny 270 KM / 110 kWh · Sprawdź ofertę!,modelowy,Peugeot,Peugeot Boxer,2025,https://www.peugeot.pl/modele/boxer.html,https://visual3d-secure.peugeot.com/V3DImage.ashx?client=CFGAP3D&mkt=PL&env=PROD&version=2PXE5KHOKKB0A014&ratio=1&format=jpg&quality=90&width=1280&view=001&color=0ME00NHS&back=0,FLOTTE ORANGE RAL 2011,,Base,Oferta ma charakter informacyjny. Szczegóły u autoryzowanego dealera Peugeot.,https://www.peugeot.pl/modele/boxer.html,302457 PLN,CASH,,,302457 PLN,,Total,,,,,,,Electric
PEU-7454-FC53-3B91-B75,Peugeot Partner Control · od 129765 PLN,Nowy Peugeot Partner Control · Benzyna 110KM · Sprawdź ofertę!,modelowy,Peugeot,Peugeot Partner,2025,https://www.peugeot.pl/modele/partner.html,https://visual3d-secure.peugeot.com/V3DImage.ashx?client=CFGAP3D&mkt=PL&env=PROD&version=2PK91AEHUKB0A0C0&ratio=1&format=jpg&quality=90&width=1280&view=001&color=0MM00N9V&back=0,Czarny Perla Nera,,Control,Oferta ma charakter informacyjny. Szczegóły u autoryzowanego dealera Peugeot.,https://www.peugeot.pl/modele/partner.html,129765 PLN,CASH,,,129765 PLN,,Total,,,,,,,Gasoline
PEU-7454-FC53-107F-B75,Peugeot Partner Control · od 129765 PLN,Nowy Peugeot Partner Control · Benzyna 110KM · Sprawdź ofertę!,modelowy,Peugeot,Peugeot Partner,2025,https://www.peugeot.pl/modele/partner.html,https://visual3d-secure.peugeot.com/V3DImage.ashx?client=CFGAP3D&mkt=PL&env=PROD&version=2PK91AEHUKB0A0C0&ratio=1&format=jpg&quality=90&width=1280&view=001&color=0MM00NF4&back=0,Szary Artense,,Control,Oferta ma charakter informacyjny. Szczegóły u autoryzowanego dealera Peugeot.,https://www.peugeot.pl/modele/partner.html,129765 PLN,CASH,,,129765 PLN,,Total,,,,,,,Gasoline
PEU-7454-FC53-D5A9-B75,Peugeot Partner Control · od 129765 PLN,Nowy Peugeot Partner Control · Benzyna 110KM · Sprawdź ofertę!,modelowy,Peugeot,Peugeot Partner,2025,https://www.peugeot.pl/modele/partner.html,https://visual3d-secure.peugeot.com/V3DImage.ashx?client=CFGAP3D&mkt=PL&env=PROD&version=2PK91AEHUKB0A0C0&ratio=1&format=jpg&quality=90&width=1280&view=001&color=0MM00NM6&back=0,Niebieski Kiama,,Control,Oferta ma charakter informacyjny. Szczegóły u autoryzowanego dealera Peugeot.,https://www.peugeot.pl/modele/partner.html,129765 PLN,CASH,,,129765 PLN,,Total,,,,,,,Gasoline
PEU-7454-FC53-88B7-B75,Peugeot Partner Control · od 129765 PLN,Nowy Peugeot Partner Control · Benzyna 110KM · Sprawdź ofertę!,modelowy,Peugeot,Peugeot Partner,2025,https://www.peugeot.pl/modele/partner.html,https://visual3d-secure.peugeot.com/V3DImage.ashx?client=CFGAP3D&mkt=PL&env=PROD&version=2PK91AEHUKB0A0C0&ratio=1&format=jpg&quality=90&width=1280&view=001&color=0MP00NPR&back=0,Biały Icy White,,Control,Oferta ma charakter informacyjny. Szczegóły u autoryzowanego dealera Peugeot.,https://www.peugeot.pl/modele/partner.html,129765 PLN,CASH,,,129765 PLN,,Total,,,,,,,Gasoline
PEU-7454-FC53-3B91-B76,Peugeot Partner Control · od 132963 PLN,Nowy Peugeot Partner Control · Diesel 100KM · Sprawdź ofertę!,modelowy,Peugeot,Peugeot Partner,2025,https://www.peugeot.pl/modele/partner.html,https://visual3d-secure.peugeot.com/V3DImage.ashx?client=CFGAP3D&mkt=PL&env=PROD&version=2PK91AEHUKB0A0C0&ratio=1&format=jpg&quality=90&width=1280&view=001&color=0MM00N9V&back=0,Czarny Perla Nera,,Control,Oferta ma charakter informacyjny. Szczegóły u autoryzowanego dealera Peugeot.,https://www.peugeot.pl/modele/partner.html,132963 PLN,CASH,,,132963 PLN,,Total,,,,,,,Diesel
PEU-7454-FC53-107F-B76,Peugeot Partner Control · od 132963 PLN,Nowy Peugeot Partner Control · Diesel 100KM · Sprawdź ofertę!,modelowy,Peugeot,Peugeot Partner,2025,https://www.peugeot.pl/modele/partner.html,https://visual3d-secure.peugeot.com/V3DImage.ashx?client=CFGAP3D&mkt=PL&env=PROD&version=2PK91AEHUKB0A0C0&ratio=1&format=jpg&quality=90&width=1280&view=001&color=0MM00NF4&back=0,Szary Artense,,Control,Oferta ma charakter informacyjny. Szczegóły u autoryzowanego dealera Peugeot.,https://www.peugeot.pl/modele/partner.html,132963 PLN,CASH,,,132963 PLN,,Total,,,,,,,Diesel
PEU-7454-FC53-D5A9-B76,Peugeot Partner Control · od 132963 PLN,Nowy Peugeot Partner Control · Diesel 100KM · Sprawdź ofertę!,modelowy,Peugeot,Peugeot Partner,2025,https://www.peugeot.pl/modele/partner.html,https://visual3d-secure.peugeot.com/V3DImage.ashx?client=CFGAP3D&mkt=PL&env=PROD&version=2PK91AEHUKB0A0C0&ratio=1&format=jpg&quality=90&width=1280&view=001&color=0MM00NM6&back=0,Niebieski Kiama,,Control,Oferta ma charakter informacyjny. Szczegóły u autoryzowanego dealera Peugeot.,https://www.peugeot.pl/modele/partner.html,132963 PLN,CASH,,,132963 PLN,,Total,,,,,,,Diesel
PEU-7454-FC53-88B7-B76,Peugeot Partner Control · od 132963 PLN,Nowy Peugeot Partner Control · Diesel 100KM · Sprawdź ofertę!,modelowy,Peugeot,Peugeot Partner,2025,https://www.peugeot.pl/modele/partner.html,https://visual3d-secure.peugeot.com/V3DImage.ashx?client=CFGAP3D&mkt=PL&env=PROD&version=2PK91AEHUKB0A0C0&ratio=1&format=jpg&quality=90&width=1280&view=001&color=0MP00NPR&back=0,Biały Icy White,,Control,Oferta ma charakter informacyjny. Szczegóły u autoryzowanego dealera Peugeot.,https://www.peugeot.pl/modele/partner.html,132963 PLN,CASH,,,132963 PLN,,Total,,,,,,,Diesel
PEU-7454-FC53-3B91-B73,Peugeot Partner Control · od 138867 PLN,Nowy Peugeot Partner Control · Diesel 130KM · Sprawdź ofertę!,modelowy,Peugeot,Peugeot Partner,2025,https://www.peugeot.pl/modele/partner.html,https://visual3d-secure.peugeot.com/V3DImage.ashx?client=CFGAP3D&mkt=PL&env=PROD&version=2PK91AEHUKB0A0C0&ratio=1&format=jpg&quality=90&width=1280&view=001&color=0MM00N9V&back=0,Czarny Perla Nera,,Control,Oferta ma charakter informacyjny. Szczegóły u autoryzowanego dealera Peugeot.,https://www.peugeot.pl/modele/partner.html,138867 PLN,CASH,,,138867 PLN,,Total,,,,,,,Diesel
PEU-7454-FC53-107F-B73,Peugeot Partner Control · od 138867 PLN,Nowy Peugeot Partner Control · Diesel 130KM · Sprawdź ofertę!,modelowy,Peugeot,Peugeot Partner,2025,https://www.peugeot.pl/modele/partner.html,https://visual3d-secure.peugeot.com/V3DImage.ashx?client=CFGAP3D&mkt=PL&env=PROD&version=2PK91AEHUKB0A0C0&ratio=1&format=jpg&quality=90&width=1280&view=001&color=0MM00NF4&back=0,Szary Artense,,Control,Oferta ma charakter informacyjny. Szczegóły u autoryzowanego dealera Peugeot.,https://www.peugeot.pl/modele/partner.html,138867 PLN,CASH,,,138867 PLN,,Total,,,,,,,Diesel
PEU-7454-FC53-D5A9-B73,Peugeot Partner Control · od 138867 PLN,Nowy Peugeot Partner Control · Diesel 130KM · Sprawdź ofertę!,modelowy,Peugeot,Peugeot Partner,2025,https://www.peugeot.pl/modele/partner.html,https://visual3d-secure.peugeot.com/V3DImage.ashx?client=CFGAP3D&mkt=PL&env=PROD&version=2PK91AEHUKB0A0C0&ratio=1&format=jpg&quality=90&width=1280&view=001&color=0MM00NM6&back=0,Niebieski Kiama,,Control,Oferta ma charakter informacyjny. Szczegóły u autoryzowanego dealera Peugeot.,https://www.peugeot.pl/modele/partner.html,138867 PLN,CASH,,,138867 PLN,,Total,,,,,,,Diesel
PEU-7454-FC53-88B7-B73,Peugeot Partner Control · od 138867 PLN,Nowy Peugeot Partner Control · Diesel 130KM · Sprawdź ofertę!,modelowy,Peugeot,Peugeot Partner,2025,https://www.peugeot.pl/modele/partner.html,https://visual3d-secure.peugeot.com/V3DImage.ashx?client=CFGAP3D&mkt=PL&env=PROD&version=2PK91AEHUKB0A0C0&ratio=1&format=jpg&quality=90&width=1280&view=001&color=0MP00NPR&back=0,Biały Icy White,,Control,Oferta ma charakter informacyjny. Szczegóły u autoryzowanego dealera Peugeot.,https://www.peugeot.pl/modele/partner.html,138867 PLN,CASH,,,138867 PLN,,Total,,,,,,,Diesel
PEU-7454-FC53-3B91-6C3,Peugeot Partner Control · od 183516 PLN,Nowy Peugeot Partner Control · Elektryczny 136hp - bateria 50 kWh · Sprawdź ofertę!,modelowy,Peugeot,Peugeot Partner,2025,https://www.peugeot.pl/modele/partner.html,https://visual3d-secure.peugeot.com/V3DImage.ashx?client=CFGAP3D&mkt=PL&env=PROD&version=2PK91AEHUKB0A0C0&ratio=1&format=jpg&quality=90&width=1280&view=001&color=0MM00N9V&back=0,Czarny Perla Nera,,Control,Oferta ma charakter informacyjny. Szczegóły u autoryzowanego dealera Peugeot.,https://www.peugeot.pl/modele/partner.html,183516 PLN,CASH,,,183516 PLN,,Total,,,,,,,Electric
PEU-7454-FC53-107F-6C3,Peugeot Partner Control · od 183516 PLN,Nowy Peugeot Partner Control · Elektryczny 136hp - bateria 50 kWh · Sprawdź ofertę!,modelowy,Peugeot,Peugeot Partner,2025,https://www.peugeot.pl/modele/partner.html,https://visual3d-secure.peugeot.com/V3DImage.ashx?client=CFGAP3D&mkt=PL&env=PROD&version=2PK91AEHUKB0A0C0&ratio=1&format=jpg&quality=90&width=1280&view=001&color=0MM00NF4&back=0,Szary Artense,,Control,Oferta ma charakter informacyjny. Szczegóły u autoryzowanego dealera Peugeot.,https://www.peugeot.pl/modele/partner.html,183516 PLN,CASH,,,183516 PLN,,Total,,,,,,,Electric
PEU-7454-FC53-D5A9-6C3,Peugeot Partner Control · od 183516 PLN,Nowy Peugeot Partner Control · Elektryczny 136hp - bateria 50 kWh · Sprawdź ofertę!,modelowy,Peugeot,Peugeot Partner,2025,https://www.peugeot.pl/modele/partner.html,https://visual3d-secure.peugeot.com/V3DImage.ashx?client=CFGAP3D&mkt=PL&env=PROD&version=2PK91AEHUKB0A0C0&ratio=1&format=jpg&quality=90&width=1280&view=001&color=0MM00NM6&back=0,Niebieski Kiama,,Control,Oferta ma charakter informacyjny. Szczegóły u autoryzowanego dealera Peugeot.,https://www.peugeot.pl/modele/partner.html,183516 PLN,CASH,,,183516 PLN,,Total,,,,,,,Electric
PEU-7454-FC53-88B7-6C3,Peugeot Partner Control · od 183516 PLN,Nowy Peugeot Partner Control · Elektryczny 136hp - bateria 50 kWh · Sprawdź ofertę!,modelowy,Peugeot,Peugeot Partner,2025,https://www.peugeot.pl/modele/partner.html,https://visual3d-secure.peugeot.com/V3DImage.ashx?client=CFGAP3D&mkt=PL&env=PROD&version=2PK91AEHUKB0A0C0&ratio=1&format=jpg&quality=90&width=1280&view=001&color=0MP00NPR&back=0,Biały Icy White,,Control,Oferta ma charakter informacyjny. Szczegóły u autoryzowanego dealera Peugeot.,https://www.peugeot.pl/modele/partner.html,183516 PLN,CASH,,,183516 PLN,,Total,,,,,,,Electric
PEU-7454-D9F9-3B91-B75,Peugeot Partner Tech · od 142557 PLN,Nowy Peugeot Partner Tech · Benzyna 110KM · Sprawdź ofertę!,modelowy,Peugeot,Peugeot Partner,2025,https://www.peugeot.pl/modele/partner.html,https://visual3d-secure.peugeot.com/V3DImage.ashx?client=CFGAP3D&mkt=PL&env=PROD&version=2PK91ANHUKB0A0C0&ratio=1&format=jpg&quality=90&width=1280&view=001&color=0MM00N9V&back=0,Czarny Perla Nera,,Tech,Oferta ma charakter informacyjny. Szczegóły u autoryzowanego dealera Peugeot.,https://www.peugeot.pl/modele/partner.html,142557 PLN,CASH,,,142557 PLN,,Total,,,,,,,Gasoline
PEU-7454-D9F9-D5A9-B75,Peugeot Partner Tech · od 142557 PLN,Nowy Peugeot Partner Tech · Benzyna 110KM · Sprawdź ofertę!,modelowy,Peugeot,Peugeot Partner,2025,https://www.peugeot.pl/modele/partner.html,https://visual3d-secure.peugeot.com/V3DImage.ashx?client=CFGAP3D&mkt=PL&env=PROD&version=2PK91ANHUKB0A0C0&ratio=1&format=jpg&quality=90&width=1280&view=001&color=0MM00NM6&back=0,Niebieski Kiama,,Tech,Oferta ma charakter informacyjny. Szczegóły u autoryzowanego dealera Peugeot.,https://www.peugeot.pl/modele/partner.html,142557 PLN,CASH,,,142557 PLN,,Total,,,,,,,Gasoline
PEU-7454-D9F9-107F-B75,Peugeot Partner Tech · od 142557 PLN,Nowy Peugeot Partner Tech · Benzyna 110KM · Sprawdź ofertę!,modelowy,Peugeot,Peugeot Partner,2025,https://www.peugeot.pl/modele/partner.html,https://visual3d-secure.peugeot.com/V3DImage.ashx?client=CFGAP3D&mkt=PL&env=PROD&version=2PK91ANHUKB0A0C0&ratio=1&format=jpg&quality=90&width=1280&view=001&color=0MM00NF4&back=0,Szary Artense,,Tech,Oferta ma charakter informacyjny. Szczegóły u autoryzowanego dealera Peugeot.,https://www.peugeot.pl/modele/partner.html,142557 PLN,CASH,,,142557 PLN,,Total,,,,,,,Gasoline
PEU-7454-D9F9-88B7-B75,Peugeot Partner Tech · od 142557 PLN,Nowy Peugeot Partner Tech · Benzyna 110KM · Sprawdź ofertę!,modelowy,Peugeot,Peugeot Partner,2025,https://www.peugeot.pl/modele/partner.html,https://visual3d-secure.peugeot.com/V3DImage.ashx?client=CFGAP3D&mkt=PL&env=PROD&version=2PK91ANHUKB0A0C0&ratio=1&format=jpg&quality=90&width=1280&view=001&color=0MP00NPR&back=0,Biały Icy White,,Tech,Oferta ma charakter informacyjny. Szczegóły u autoryzowanego dealera Peugeot.,https://www.peugeot.pl/modele/partner.html,142557 PLN,CASH,,,142557 PLN,,Total,,,,,,,Gasoline
PEU-7454-D9F9-3B91-B76,Peugeot Partner Tech · od 145755 PLN,Nowy Peugeot Partner Tech · Diesel 100KM · Sprawdź ofertę!,modelowy,Peugeot,Peugeot Partner,2025,https://www.peugeot.pl/modele/partner.html,https://visual3d-secure.peugeot.com/V3DImage.ashx?client=CFGAP3D&mkt=PL&env=PROD&version=2PK91ANHUKB0A0C0&ratio=1&format=jpg&quality=90&width=1280&view=001&color=0MM00N9V&back=0,Czarny Perla Nera,,Tech,Oferta ma charakter informacyjny. Szczegóły u autoryzowanego dealera Peugeot.,https://www.peugeot.pl/modele/partner.html,145755 PLN,CASH,,,145755 PLN,,Total,,,,,,,Diesel
PEU-7454-D9F9-D5A9-B76,Peugeot Partner Tech · od 145755 PLN,Nowy Peugeot Partner Tech · Diesel 100KM · Sprawdź ofertę!,modelowy,Peugeot,Peugeot Partner,2025,https://www.peugeot.pl/modele/partner.html,https://visual3d-secure.peugeot.com/V3DImage.ashx?client=CFGAP3D&mkt=PL&env=PROD&version=2PK91ANHUKB0A0C0&ratio=1&format=jpg&quality=90&width=1280&view=001&color=0MM00NM6&back=0,Niebieski Kiama,,Tech,Oferta ma charakter informacyjny. Szczegóły u autoryzowanego dealera Peugeot.,https://www.peugeot.pl/modele/partner.html,145755 PLN,CASH,,,145755 PLN,,Total,,,,,,,Diesel
PEU-7454-D9F9-107F-B76,Peugeot Partner Tech · od 145755 PLN,Nowy Peugeot Partner Tech · Diesel 100KM · Sprawdź ofertę!,modelowy,Peugeot,Peugeot Partner,2025,https://www.peugeot.pl/modele/partner.html,https://visual3d-secure.peugeot.com/V3DImage.ashx?client=CFGAP3D&mkt=PL&env=PROD&version=2PK91ANHUKB0A0C0&ratio=1&format=jpg&quality=90&width=1280&view=001&color=0MM00NF4&back=0,Szary Artense,,Tech,Oferta ma charakter informacyjny. Szczegóły u autoryzowanego dealera Peugeot.,https://www.peugeot.pl/modele/partner.html,145755 PLN,CASH,,,145755 PLN,,Total,,,,,,,Diesel
PEU-7454-D9F9-88B7-B76,Peugeot Partner Tech · od 145755 PLN,Nowy Peugeot Partner Tech · Diesel 100KM · Sprawdź ofertę!,modelowy,Peugeot,Peugeot Partner,2025,https://www.peugeot.pl/modele/partner.html,https://visual3d-secure.peugeot.com/V3DImage.ashx?client=CFGAP3D&mkt=PL&env=PROD&version=2PK91ANHUKB0A0C0&ratio=1&format=jpg&quality=90&width=1280&view=001&color=0MP00NPR&back=0,Biały Icy White,,Tech,Oferta ma charakter informacyjny. Szczegóły u autoryzowanego dealera Peugeot.,https://www.peugeot.pl/modele/partner.html,145755 PLN,CASH,,,145755 PLN,,Total,,,,,,,Diesel
PEU-7454-D9F9-3B91-B73,Peugeot Partner Tech · od 151659 PLN,Nowy Peugeot Partner Tech · Diesel 130KM · Sprawdź ofertę!,modelowy,Peugeot,Peugeot Partner,2025,https://www.peugeot.pl/modele/partner.html,https://visual3d-secure.peugeot.com/V3DImage.ashx?client=CFGAP3D&mkt=PL&env=PROD&version=2PK91ANHUKB0A0C0&ratio=1&format=jpg&quality=90&width=1280&view=001&color=0MM00N9V&back=0,Czarny Perla Nera,,Tech,Oferta ma charakter informacyjny. Szczegóły u autoryzowanego dealera Peugeot.,https://www.peugeot.pl/modele/partner.html,151659 PLN,CASH,,,151659 PLN,,Total,,,,,,,Diesel
PEU-7454-D9F9-D5A9-B73,Peugeot Partner Tech · od 151659 PLN,Nowy Peugeot Partner Tech · Diesel 130KM · Sprawdź ofertę!,modelowy,Peugeot,Peugeot Partner,2025,https://www.peugeot.pl/modele/partner.html,https://visual3d-secure.peugeot.com/V3DImage.ashx?client=CFGAP3D&mkt=PL&env=PROD&version=2PK91ANHUKB0A0C0&ratio=1&format=jpg&quality=90&width=1280&view=001&color=0MM00NM6&back=0,Niebieski Kiama,,Tech,Oferta ma charakter informacyjny. Szczegóły u autoryzowanego dealera Peugeot.,https://www.peugeot.pl/modele/partner.html,151659 PLN,CASH,,,151659 PLN,,Total,,,,,,,Diesel
PEU-7454-D9F9-107F-B73,Peugeot Partner Tech · od 151659 PLN,Nowy Peugeot Partner Tech · Diesel 130KM · Sprawdź ofertę!,modelowy,Peugeot,Peugeot Partner,2025,https://www.peugeot.pl/modele/partner.html,https://visual3d-secure.peugeot.com/V3DImage.ashx?client=CFGAP3D&mkt=PL&env=PROD&version=2PK91ANHUKB0A0C0&ratio=1&format=jpg&quality=90&width=1280&view=001&color=0MM00NF4&back=0,Szary Artense,,Tech,Oferta ma charakter informacyjny. Szczegóły u autoryzowanego dealera Peugeot.,https://www.peugeot.pl/modele/partner.html,151659 PLN,CASH,,,151659 PLN,,Total,,,,,,,Diesel
PEU-7454-D9F9-88B7-B73,Peugeot Partner Tech · od 151659 PLN,Nowy Peugeot Partner Tech · Diesel 130KM · Sprawdź ofertę!,modelowy,Peugeot,Peugeot Partner,2025,https://www.peugeot.pl/modele/partner.html,https://visual3d-secure.peugeot.com/V3DImage.ashx?client=CFGAP3D&mkt=PL&env=PROD&version=2PK91ANHUKB0A0C0&ratio=1&format=jpg&quality=90&width=1280&view=001&color=0MP00NPR&back=0,Biały Icy White,,Tech,Oferta ma charakter informacyjny. Szczegóły u autoryzowanego dealera Peugeot.,https://www.peugeot.pl/modele/partner.html,151659 PLN,CASH,,,151659 PLN,,Total,,,,,,,Diesel
PEU-7454-D9F9-3B91-6C3,Peugeot Partner Tech · od 196283 PLN,Nowy Peugeot Partner Tech · Elektryczny 136hp - bateria 50 kWh · Sprawdź ofertę!,modelowy,Peugeot,Peugeot Partner,2025,https://www.peugeot.pl/modele/partner.html,https://visual3d-secure.peugeot.com/V3DImage.ashx?client=CFGAP3D&mkt=PL&env=PROD&version=2PK91ANHUKB0A0C0&ratio=1&format=jpg&quality=90&width=1280&view=001&color=0MM00N9V&back=0,Czarny Perla Nera,,Tech,Oferta ma charakter informacyjny. Szczegóły u autoryzowanego dealera Peugeot.,https://www.peugeot.pl/modele/partner.html,196283 PLN,CASH,,,196283 PLN,,Total,,,,,,,Electric
PEU-7454-D9F9-D5A9-6C3,Peugeot Partner Tech · od 196283 PLN,Nowy Peugeot Partner Tech · Elektryczny 136hp - bateria 50 kWh · Sprawdź ofertę!,modelowy,Peugeot,Peugeot Partner,2025,https://www.peugeot.pl/modele/partner.html,https://visual3d-secure.peugeot.com/V3DImage.ashx?client=CFGAP3D&mkt=PL&env=PROD&version=2PK91ANHUKB0A0C0&ratio=1&format=jpg&quality=90&width=1280&view=001&color=0MM00NM6&back=0,Niebieski Kiama,,Tech,Oferta ma charakter informacyjny. Szczegóły u autoryzowanego dealera Peugeot.,https://www.peugeot.pl/modele/partner.html,196283 PLN,CASH,,,196283 PLN,,Total,,,,,,,Electric
PEU-7454-D9F9-107F-6C3,Peugeot Partner Tech · od 196283 PLN,Nowy Peugeot Partner Tech · Elektryczny 136hp - bateria 50 kWh · Sprawdź ofertę!,modelowy,Peugeot,Peugeot Partner,2025,https://www.peugeot.pl/modele/partner.html,https://visual3d-secure.peugeot.com/V3DImage.ashx?client=CFGAP3D&mkt=PL&env=PROD&version=2PK91ANHUKB0A0C0&ratio=1&format=jpg&quality=90&width=1280&view=001&color=0MM00NF4&back=0,Szary Artense,,Tech,Oferta ma charakter informacyjny. Szczegóły u autoryzowanego dealera Peugeot.,https://www.peugeot.pl/modele/partner.html,196283 PLN,CASH,,,196283 PLN,,Total,,,,,,,Electric
PEU-7454-D9F9-88B7-6C3,Peugeot Partner Tech · od 196283 PLN,Nowy Peugeot Partner Tech · Elektryczny 136hp - bateria 50 kWh · Sprawdź ofertę!,modelowy,Peugeot,Peugeot Partner,2025,https://www.peugeot.pl/modele/partner.html,https://visual3d-secure.peugeot.com/V3DImage.ashx?client=CFGAP3D&mkt=PL&env=PROD&version=2PK91ANHUKB0A0C0&ratio=1&format=jpg&quality=90&width=1280&view=001&color=0MP00NPR&back=0,Biały Icy White,,Tech,Oferta ma charakter informacyjny. Szczegóły u autoryzowanego dealera Peugeot.,https://www.peugeot.pl/modele/partner.html,196283 PLN,CASH,,,196283 PLN,,Total,,,,,,,Electric
PEU-B9B8-106E-41A5-C8E,Peugeot Expert Furgon XL · od 170478 PLN,Nowy Peugeot Expert Furgon XL · Diesel 1.5 120 KM · Sprawdź ofertę!,modelowy,Peugeot,Peugeot Expert,2025,https://www.peugeot.pl/modele/expert.html,https://visual3d-secure.peugeot.com/V3DImage.ashx?client=CFGAP3D&mkt=PL&env=PROD&version=2PK0F3NP7KB0A0L0&ratio=1&format=jpg&quality=90&width=1280&view=001&color=0MM00N9V&back=0,"Czarny Perla Nera, metaliczny",,Furgon XL,Oferta ma charakter informacyjny. Szczegóły u autoryzowanego dealera Peugeot.,https://www.peugeot.pl/modele/expert.html,170478 PLN,CASH,,,170478 PLN,,Total,,,,,,,Diesel
PEU-B9B8-106E-34FF-C8E,Peugeot Expert Furgon XL · od 170478 PLN,Nowy Peugeot Expert Furgon XL · Diesel 1.5 120 KM · Sprawdź ofertę!,modelowy,Peugeot,Peugeot Expert,2025,https://www.peugeot.pl/modele/expert.html,https://visual3d-secure.peugeot.com/V3DImage.ashx?client=CFGAP3D&mkt=PL&env=PROD&version=2PK0F3NP7KB0A0L0&ratio=1&format=jpg&quality=90&width=1280&view=001&color=0MM00N1J&back=0,"Szary Titane, metaliczny",,Furgon XL,Oferta ma charakter informacyjny. Szczegóły u autoryzowanego dealera Peugeot.,https://www.peugeot.pl/modele/expert.html,170478 PLN,CASH,,,170478 PLN,,Total,,,,,,,Diesel
PEU-B9B8-106E-C626-C8E,Peugeot Expert Furgon XL · od 170478 PLN,Nowy Peugeot Expert Furgon XL · Diesel 1.5 120 KM · Sprawdź ofertę!,modelowy,Peugeot,Peugeot Expert,2025,https://www.peugeot.pl/modele/expert.html,https://visual3d-secure.peugeot.com/V3DImage.ashx?client=CFGAP3D&mkt=PL&env=PROD&version=2PK0F3NP7KB0A0L0&ratio=1&format=jpg&quality=90&width=1280&view=001&color=0MM00NF4&back=0,"Szary Artense, metaliczny",,Furgon XL,Oferta ma charakter informacyjny. Szczegóły u autoryzowanego dealera Peugeot.,https://www.peugeot.pl/modele/expert.html,170478 PLN,CASH,,,170478 PLN,,Total,,,,,,,Diesel
PEU-B9B8-106E-216D-C8E,Peugeot Expert Furgon XL · od 170478 PLN,Nowy Peugeot Expert Furgon XL · Diesel 1.5 120 KM · Sprawdź ofertę!,modelowy,Peugeot,Peugeot Expert,2025,https://www.peugeot.pl/modele/expert.html,https://visual3d-secure.peugeot.com/V3DImage.ashx?client=CFGAP3D&mkt=PL&env=PROD&version=2PK0F3NP7KB0A0L0&ratio=1&format=jpg&quality=90&width=1280&view=001&color=0MP00NPR&back=0,"Biały Kaolin, lakier bazowy",,Furgon XL,Oferta ma charakter informacyjny. Szczegóły u autoryzowanego dealera Peugeot.,https://www.peugeot.pl/modele/expert.html,170478 PLN,CASH,,,170478 PLN,,Total,,,,,,,Diesel
PEU-B9B8-106E-41A5-494,Peugeot Expert Furgon XL · od 183516 PLN,Nowy Peugeot Expert Furgon XL · Diesel 2.2 150 KM · Sprawdź ofertę!,modelowy,Peugeot,Peugeot Expert,2025,https://www.peugeot.pl/modele/expert.html,https://visual3d-secure.peugeot.com/V3DImage.ashx?client=CFGAP3D&mkt=PL&env=PROD&version=2PK0F3NP7KB0A0L0&ratio=1&format=jpg&quality=90&width=1280&view=001&color=0MM00N9V&back=0,"Czarny Perla Nera, metaliczny",,Furgon XL,Oferta ma charakter informacyjny. Szczegóły u autoryzowanego dealera Peugeot.,https://www.peugeot.pl/modele/expert.html,183516 PLN,CASH,,,183516 PLN,,Total,,,,,,,Diesel
PEU-B9B8-106E-34FF-494,Peugeot Expert Furgon XL · od 183516 PLN,Nowy Peugeot Expert Furgon XL · Diesel 2.2 150 KM · Sprawdź ofertę!,modelowy,Peugeot,Peugeot Expert,2025,https://www.peugeot.pl/modele/expert.html,https://visual3d-secure.peugeot.com/V3DImage.ashx?client=CFGAP3D&mkt=PL&env=PROD&version=2PK0F3NP7KB0A0L0&ratio=1&format=jpg&quality=90&width=1280&view=001&color=0MM00N1J&back=0,"Szary Titane, metaliczny",,Furgon XL,Oferta ma charakter informacyjny. Szczegóły u autoryzowanego dealera Peugeot.,https://www.peugeot.pl/modele/expert.html,183516 PLN,CASH,,,183516 PLN,,Total,,,,,,,Diesel
PEU-B9B8-106E-C626-494,Peugeot Expert Furgon XL · od 183516 PLN,Nowy Peugeot Expert Furgon XL · Diesel 2.2 150 KM · Sprawdź ofertę!,modelowy,Peugeot,Peugeot Expert,2025,https://www.peugeot.pl/modele/expert.html,https://visual3d-secure.peugeot.com/V3DImage.ashx?client=CFGAP3D&mkt=PL&env=PROD&version=2PK0F3NP7KB0A0L0&ratio=1&format=jpg&quality=90&width=1280&view=001&color=0MM00NF4&back=0,"Szary Artense, metaliczny",,Furgon XL,Oferta ma charakter informacyjny. Szczegóły u autoryzowanego dealera Peugeot.,https://www.peugeot.pl/modele/expert.html,183516 PLN,CASH,,,183516 PLN,,Total,,,,,,,Diesel
PEU-B9B8-106E-216D-494,Peugeot Expert Furgon XL · od 183516 PLN,Nowy Peugeot Expert Furgon XL · Diesel 2.2 150 KM · Sprawdź ofertę!,modelowy,Peugeot,Peugeot Expert,2025,https://www.peugeot.pl/modele/expert.html,https://visual3d-secure.peugeot.com/V3DImage.ashx?client=CFGAP3D&mkt=PL&env=PROD&version=2PK0F3NP7KB0A0L0&ratio=1&format=jpg&quality=90&width=1280&view=001&color=0MP00NPR&back=0,"Biały Kaolin, lakier bazowy",,Furgon XL,Oferta ma charakter informacyjny. Szczegóły u autoryzowanego dealera Peugeot.,https://www.peugeot.pl/modele/expert.html,183516 PLN,CASH,,,183516 PLN,,Total,,,,,,,Diesel
PEU-B9B8-106E-41A5-EE8,Peugeot Expert Furgon XL · od 197907 PLN,Nowy Peugeot Expert Furgon XL · Diesel 2.2 180 KM · Sprawdź ofertę!,modelowy,Peugeot,Peugeot Expert,2025,https://www.peugeot.pl/modele/expert.html,https://visual3d-secure.peugeot.com/V3DImage.ashx?client=CFGAP3D&mkt=PL&env=PROD&version=2PK0F3NP7KB0A0L0&ratio=1&format=jpg&quality=90&width=1280&view=001&color=0MM00N9V&back=0,"Czarny Perla Nera, metaliczny",,Furgon XL,Oferta ma charakter informacyjny. Szczegóły u autoryzowanego dealera Peugeot.,https://www.peugeot.pl/modele/expert.html,197907 PLN,CASH,,,197907 PLN,,Total,,,,,,,Diesel
PEU-B9B8-106E-34FF-EE8,Peugeot Expert Furgon XL · od 197907 PLN,Nowy Peugeot Expert Furgon XL · Diesel 2.2 180 KM · Sprawdź ofertę!,modelowy,Peugeot,Peugeot Expert,2025,https://www.peugeot.pl/modele/expert.html,https://visual3d-secure.peugeot.com/V3DImage.ashx?client=CFGAP3D&mkt=PL&env=PROD&version=2PK0F3NP7KB0A0L0&ratio=1&format=jpg&quality=90&width=1280&view=001&color=0MM00N1J&back=0,"Szary Titane, metaliczny",,Furgon XL,Oferta ma charakter informacyjny. Szczegóły u autoryzowanego dealera Peugeot.,https://www.peugeot.pl/modele/expert.html,197907 PLN,CASH,,,197907 PLN,,Total,,,,,,,Diesel
PEU-B9B8-106E-C626-EE8,Peugeot Expert Furgon XL · od 197907 PLN,Nowy Peugeot Expert Furgon XL · Diesel 2.2 180 KM · Sprawdź ofertę!,modelowy,Peugeot,Peugeot Expert,2025,https://www.peugeot.pl/modele/expert.html,https://visual3d-secure.peugeot.com/V3DImage.ashx?client=CFGAP3D&mkt=PL&env=PROD&version=2PK0F3NP7KB0A0L0&ratio=1&format=jpg&quality=90&width=1280&view=001&color=0MM00NF4&back=0,"Szary Artense, metaliczny",,Furgon XL,Oferta ma charakter informacyjny. Szczegóły u autoryzowanego dealera Peugeot.,https://www.peugeot.pl/modele/expert.html,197907 PLN,CASH,,,197907 PLN,,Total,,,,,,,Diesel
PEU-B9B8-106E-216D-EE8,Peugeot Expert Furgon XL · od 197907 PLN,Nowy Peugeot Expert Furgon XL · Diesel 2.2 180 KM · Sprawdź ofertę!,modelowy,Peugeot,Peugeot Expert,2025,https://www.peugeot.pl/modele/expert.html,https://visual3d-secure.peugeot.com/V3DImage.ashx?client=CFGAP3D&mkt=PL&env=PROD&version=2PK0F3NP7KB0A0L0&ratio=1&format=jpg&quality=90&width=1280&view=001&color=0MP00NPR&back=0,"Biały Kaolin, lakier bazowy",,Furgon XL,Oferta ma charakter informacyjny. Szczegóły u autoryzowanego dealera Peugeot.,https://www.peugeot.pl/modele/expert.html,197907 PLN,CASH,,,197907 PLN,,Total,,,,,,,Diesel
PEU-B9B8-106E-41A5-73B,Peugeot Expert Furgon XL · od 231732 PLN,Nowy Peugeot Expert Furgon XL · Elektryczny 136 KM 49 kWh · Sprawdź ofertę!,modelowy,Peugeot,Peugeot Expert,2025,https://www.peugeot.pl/modele/expert.html,https://visual3d-secure.peugeot.com/V3DImage.ashx?client=CFGAP3D&mkt=PL&env=PROD&version=2PK0F3NP7KB0A0L0&ratio=1&format=jpg&quality=90&width=1280&view=001&color=0MM00N9V&back=0,"Czarny Perla Nera, metaliczny",,Furgon XL,Oferta ma charakter informacyjny. Szczegóły u autoryzowanego dealera Peugeot.,https://www.peugeot.pl/modele/expert.html,231732 PLN,CASH,,,231732 PLN,,Total,,,,,,,Electric
PEU-B9B8-106E-34FF-73B,Peugeot Expert Furgon XL · od 231732 PLN,Nowy Peugeot Expert Furgon XL · Elektryczny 136 KM 49 kWh · Sprawdź ofertę!,modelowy,Peugeot,Peugeot Expert,2025,https://www.peugeot.pl/modele/expert.html,https://visual3d-secure.peugeot.com/V3DImage.ashx?client=CFGAP3D&mkt=PL&env=PROD&version=2PK0F3NP7KB0A0L0&ratio=1&format=jpg&quality=90&width=1280&view=001&color=0MM00N1J&back=0,"Szary Titane, metaliczny",,Furgon XL,Oferta ma charakter informacyjny. Szczegóły u autoryzowanego dealera Peugeot.,https://www.peugeot.pl/modele/expert.html,231732 PLN,CASH,,,231732 PLN,,Total,,,,,,,Electric
PEU-B9B8-106E-C626-73B,Peugeot Expert Furgon XL · od 231732 PLN,Nowy Peugeot Expert Furgon XL · Elektryczny 136 KM 49 kWh · Sprawdź ofertę!,modelowy,Peugeot,Peugeot Expert,2025,https://www.peugeot.pl/modele/expert.html,https://visual3d-secure.peugeot.com/V3DImage.ashx?client=CFGAP3D&mkt=PL&env=PROD&version=2PK0F3NP7KB0A0L0&ratio=1&format=jpg&quality=90&width=1280&view=001&color=0MM00NF4&back=0,"Szary Artense, metaliczny",,Furgon XL,Oferta ma charakter informacyjny. Szczegóły u autoryzowanego dealera Peugeot.,https://www.peugeot.pl/modele/expert.html,231732 PLN,CASH,,,231732 PLN,,Total,,,,,,,Electric
PEU-B9B8-106E-216D-73B,Peugeot Expert Furgon XL · od 231732 PLN,Nowy Peugeot Expert Furgon XL · Elektryczny 136 KM 49 kWh · Sprawdź ofertę!,modelowy,Peugeot,Peugeot Expert,2025,https://www.peugeot.pl/modele/expert.html,https://visual3d-secure.peugeot.com/V3DImage.ashx?client=CFGAP3D&mkt=PL&env=PROD&version=2PK0F3NP7KB0A0L0&ratio=1&format=jpg&quality=90&width=1280&view=001&color=0MP00NPR&back=0,"Biały Kaolin, lakier bazowy",,Furgon XL,Oferta ma charakter informacyjny. Szczegóły u autoryzowanego dealera Peugeot.,https://www.peugeot.pl/modele/expert.html,231732 PLN,CASH,,,231732 PLN,,Total,,,,,,,Electric
PEU-B9B8-106E-41A5-177,Peugeot Expert Furgon XL · od 265434 PLN,Nowy Peugeot Expert Furgon XL · Elektryczny 136 KM 75 kWh · Sprawdź ofertę!,modelowy,Peugeot,Peugeot Expert,2025,https://www.peugeot.pl/modele/expert.html,https://visual3d-secure.peugeot.com/V3DImage.ashx?client=CFGAP3D&mkt=PL&env=PROD&version=2PK0F3NP7KB0A0L0&ratio=1&format=jpg&quality=90&width=1280&view=001&color=0MM00N9V&back=0,"Czarny Perla Nera, metaliczny",,Furgon XL,Oferta ma charakter informacyjny. Szczegóły u autoryzowanego dealera Peugeot.,https://www.peugeot.pl/modele/expert.html,265434 PLN,CASH,,,265434 PLN,,Total,,,,,,,Electric
PEU-B9B8-106E-34FF-177,Peugeot Expert Furgon XL · od 265434 PLN,Nowy Peugeot Expert Furgon XL · Elektryczny 136 KM 75 kWh · Sprawdź ofertę!,modelowy,Peugeot,Peugeot Expert,2025,https://www.peugeot.pl/modele/expert.html,https://visual3d-secure.peugeot.com/V3DImage.ashx?client=CFGAP3D&mkt=PL&env=PROD&version=2PK0F3NP7KB0A0L0&ratio=1&format=jpg&quality=90&width=1280&view=001&color=0MM00N1J&back=0,"Szary Titane, metaliczny",,Furgon XL,Oferta ma charakter informacyjny. Szczegóły u autoryzowanego dealera Peugeot.,https://www.peugeot.pl/modele/expert.html,265434 PLN,CASH,,,265434 PLN,,Total,,,,,,,Electric
PEU-B9B8-106E-C626-177,Peugeot Expert Furgon XL · od 265434 PLN,Nowy Peugeot Expert Furgon XL · Elektryczny 136 KM 75 kWh · Sprawdź ofertę!,modelowy,Peugeot,Peugeot Expert,2025,https://www.peugeot.pl/modele/expert.html,https://visual3d-secure.peugeot.com/V3DImage.ashx?client=CFGAP3D&mkt=PL&env=PROD&version=2PK0F3NP7KB0A0L0&ratio=1&format=jpg&quality=90&width=1280&view=001&color=0MM00NF4&back=0,"Szary Artense, metaliczny",,Furgon XL,Oferta ma charakter informacyjny. Szczegóły u autoryzowanego dealera Peugeot.,https://www.peugeot.pl/modele/expert.html,265434 PLN,CASH,,,265434 PLN,,Total,,,,,,,Electric
PEU-B9B8-106E-216D-177,Peugeot Expert Furgon XL · od 265434 PLN,Nowy Peugeot Expert Furgon XL · Elektryczny 136 KM 75 kWh · Sprawdź ofertę!,modelowy,Peugeot,Peugeot Expert,2025,https://www.peugeot.pl/modele/expert.html,https://visual3d-secure.peugeot.com/V3DImage.ashx?client=CFGAP3D&mkt=PL&env=PROD&version=2PK0F3NP7KB0A0L0&ratio=1&format=jpg&quality=90&width=1280&view=001&color=0MP00NPR&back=0,"Biały Kaolin, lakier bazowy",,Furgon XL,Oferta ma charakter informacyjny. Szczegóły u autoryzowanego dealera Peugeot.,https://www.peugeot.pl/modele/expert.html,265434 PLN,CASH,,,265434 PLN,,Total,,,,,,,Electric
PEU-B9B8-BF10-34FF-494,Peugeot Expert Platforma M · od 173676 PLN,Nowy Peugeot Expert Platforma M · Diesel 2.2 150 KM · Sprawdź ofertę!,modelowy,Peugeot,Peugeot Expert,2025,https://www.peugeot.pl/modele/expert.html,https://visual3d-secure.peugeot.com/V3DImage.ashx?client=CFGAP3D&mkt=PL&env=PROD&version=2PK0P1JJ6KB0A0L0&ratio=1&format=jpg&quality=90&width=1280&view=001&color=0MM00N1J&back=0,"Szary Titane, metaliczny",,Platforma M,Oferta ma charakter informacyjny. Szczegóły u autoryzowanego dealera Peugeot.,https://www.peugeot.pl/modele/expert.html,173676 PLN,CASH,,,173676 PLN,,Total,,,,,,,Diesel
PEU-B9B8-BF10-41A5-494,Peugeot Expert Platforma M · od 173676 PLN,Nowy Peugeot Expert Platforma M · Diesel 2.2 150 KM · Sprawdź ofertę!,modelowy,Peugeot,Peugeot Expert,2025,https://www.peugeot.pl/modele/expert.html,https://visual3d-secure.peugeot.com/V3DImage.ashx?client=CFGAP3D&mkt=PL&env=PROD&version=2PK0P1JJ6KB0A0L0&ratio=1&format=jpg&quality=90&width=1280&view=001&color=0MM00N9V&back=0,"Czarny Perla Nera, metaliczny",,Platforma M,Oferta ma charakter informacyjny. Szczegóły u autoryzowanego dealera Peugeot.,https://www.peugeot.pl/modele/expert.html,173676 PLN,CASH,,,173676 PLN,,Total,,,,,,,Diesel
PEU-B9B8-BF10-C626-494,Peugeot Expert Platforma M · od 173676 PLN,Nowy Peugeot Expert Platforma M · Diesel 2.2 150 KM · Sprawdź ofertę!,modelowy,Peugeot,Peugeot Expert,2025,https://www.peugeot.pl/modele/expert.html,https://visual3d-secure.peugeot.com/V3DImage.ashx?client=CFGAP3D&mkt=PL&env=PROD&version=2PK0P1JJ6KB0A0L0&ratio=1&format=jpg&quality=90&width=1280&view=001&color=0MM00NF4&back=0,"Szary Artense, metaliczny",,Platforma M,Oferta ma charakter informacyjny. Szczegóły u autoryzowanego dealera Peugeot.,https://www.peugeot.pl/modele/expert.html,173676 PLN,CASH,,,173676 PLN,,Total,,,,,,,Diesel
PEU-B9B8-BF10-216D-494,Peugeot Expert Platforma M · od 173676 PLN,Nowy Peugeot Expert Platforma M · Diesel 2.2 150 KM · Sprawdź ofertę!,modelowy,Peugeot,Peugeot Expert,2025,https://www.peugeot.pl/modele/expert.html,https://visual3d-secure.peugeot.com/V3DImage.ashx?client=CFGAP3D&mkt=PL&env=PROD&version=2PK0P1JJ6KB0A0L0&ratio=1&format=jpg&quality=90&width=1280&view=001&color=0MP00NPR&back=0,"Biały Kaolin, lakier bazowy",,Platforma M,Oferta ma charakter informacyjny. Szczegóły u autoryzowanego dealera Peugeot.,https://www.peugeot.pl/modele/expert.html,173676 PLN,CASH,,,173676 PLN,,Total,,,,,,,Diesel
PEU-B9B8-BF10-34FF-73B,Peugeot Expert Platforma M · od 224967 PLN,Nowy Peugeot Expert Platforma M · Elektryczny 136 KM 49 kWh · Sprawdź ofertę!,modelowy,Peugeot,Peugeot Expert,2025,https://www.peugeot.pl/modele/expert.html,https://visual3d-secure.peugeot.com/V3DImage.ashx?client=CFGAP3D&mkt=PL&env=PROD&version=2PK0P1JJ6KB0A0L0&ratio=1&format=jpg&quality=90&width=1280&view=001&color=0MM00N1J&back=0,"Szary Titane, metaliczny",,Platforma M,Oferta ma charakter informacyjny. Szczegóły u autoryzowanego dealera Peugeot.,https://www.peugeot.pl/modele/expert.html,224967 PLN,CASH,,,224967 PLN,,Total,,,,,,,Electric
PEU-B9B8-BF10-41A5-73B,Peugeot Expert Platforma M · od 224967 PLN,Nowy Peugeot Expert Platforma M · Elektryczny 136 KM 49 kWh · Sprawdź ofertę!,modelowy,Peugeot,Peugeot Expert,2025,https://www.peugeot.pl/modele/expert.html,https://visual3d-secure.peugeot.com/V3DImage.ashx?client=CFGAP3D&mkt=PL&env=PROD&version=2PK0P1JJ6KB0A0L0&ratio=1&format=jpg&quality=90&width=1280&view=001&color=0MM00N9V&back=0,"Czarny Perla Nera, metaliczny",,Platforma M,Oferta ma charakter informacyjny. Szczegóły u autoryzowanego dealera Peugeot.,https://www.peugeot.pl/modele/expert.html,224967 PLN,CASH,,,224967 PLN,,Total,,,,,,,Electric
PEU-B9B8-BF10-C626-73B,Peugeot Expert Platforma M · od 224967 PLN,Nowy Peugeot Expert Platforma M · Elektryczny 136 KM 49 kWh · Sprawdź ofertę!,modelowy,Peugeot,Peugeot Expert,2025,https://www.peugeot.pl/modele/expert.html,https://visual3d-secure.peugeot.com/V3DImage.ashx?client=CFGAP3D&mkt=PL&env=PROD&version=2PK0P1JJ6KB0A0L0&ratio=1&format=jpg&quality=90&width=1280&view=001&color=0MM00NF4&back=0,"Szary Artense, metaliczny",,Platforma M,Oferta ma charakter informacyjny. Szczegóły u autoryzowanego dealera Peugeot.,https://www.peugeot.pl/modele/expert.html,224967 PLN,CASH,,,224967 PLN,,Total,,,,,,,Electric
PEU-B9B8-BF10-216D-73B,Peugeot Expert Platforma M · od 224967 PLN,Nowy Peugeot Expert Platforma M · Elektryczny 136 KM 49 kWh · Sprawdź ofertę!,modelowy,Peugeot,Peugeot Expert,2025,https://www.peugeot.pl/modele/expert.html,https://visual3d-secure.peugeot.com/V3DImage.ashx?client=CFGAP3D&mkt=PL&env=PROD&version=2PK0P1JJ6KB0A0L0&ratio=1&format=jpg&quality=90&width=1280&view=001&color=0MP00NPR&back=0,"Biały Kaolin, lakier bazowy",,Platforma M,Oferta ma charakter informacyjny. Szczegóły u autoryzowanego dealera Peugeot.,https://www.peugeot.pl/modele/expert.html,224967 PLN,CASH,,,224967 PLN,,Total,,,,,,,Electric
PEU-B9B8-BF10-34FF-177,Peugeot Expert Platforma M · od 254487 PLN,Nowy Peugeot Expert Platforma M · Elektryczny 136 KM 75 kWh · Sprawdź ofertę!,modelowy,Peugeot,Peugeot Expert,2025,https://www.peugeot.pl/modele/expert.html,https://visual3d-secure.peugeot.com/V3DImage.ashx?client=CFGAP3D&mkt=PL&env=PROD&version=2PK0P1JJ6KB0A0L0&ratio=1&format=jpg&quality=90&width=1280&view=001&color=0MM00N1J&back=0,"Szary Titane, metaliczny",,Platforma M,Oferta ma charakter informacyjny. Szczegóły u autoryzowanego dealera Peugeot.,https://www.peugeot.pl/modele/expert.html,254487 PLN,CASH,,,254487 PLN,,Total,,,,,,,Electric
PEU-B9B8-BF10-41A5-177,Peugeot Expert Platforma M · od 254487 PLN,Nowy Peugeot Expert Platforma M · Elektryczny 136 KM 75 kWh · Sprawdź ofertę!,modelowy,Peugeot,Peugeot Expert,2025,https://www.peugeot.pl/modele/expert.html,https://visual3d-secure.peugeot.com/V3DImage.ashx?client=CFGAP3D&mkt=PL&env=PROD&version=2PK0P1JJ6KB0A0L0&ratio=1&format=jpg&quality=90&width=1280&view=001&color=0MM00N9V&back=0,"Czarny Perla Nera, metaliczny",,Platforma M,Oferta ma charakter informacyjny. Szczegóły u autoryzowanego dealera Peugeot.,https://www.peugeot.pl/modele/expert.html,254487 PLN,CASH,,,254487 PLN,,Total,,,,,,,Electric
PEU-B9B8-BF10-C626-177,Peugeot Expert Platforma M · od 254487 PLN,Nowy Peugeot Expert Platforma M · Elektryczny 136 KM 75 kWh · Sprawdź ofertę!,modelowy,Peugeot,Peugeot Expert,2025,https://www.peugeot.pl/modele/expert.html,https://visual3d-secure.peugeot.com/V3DImage.ashx?client=CFGAP3D&mkt=PL&env=PROD&version=2PK0P1JJ6KB0A0L0&ratio=1&format=jpg&quality=90&width=1280&view=001&color=0MM00NF4&back=0,"Szary Artense, metaliczny",,Platforma M,Oferta ma charakter informacyjny. Szczegóły u autoryzowanego dealera Peugeot.,https://www.peugeot.pl/modele/expert.html,254487 PLN,CASH,,,254487 PLN,,Total,,,,,,,Electric
PEU-B9B8-BF10-216D-177,Peugeot Expert Platforma M · od 254487 PLN,Nowy Peugeot Expert Platforma M · Elektryczny 136 KM 75 kWh · Sprawdź ofertę!,modelowy,Peugeot,Peugeot Expert,2025,https://www.peugeot.pl/modele/expert.html,https://visual3d-secure.peugeot.com/V3DImage.ashx?client=CFGAP3D&mkt=PL&env=PROD&version=2PK0P1JJ6KB0A0L0&ratio=1&format=jpg&quality=90&width=1280&view=001&color=0MP00NPR&back=0,"Biały Kaolin, lakier bazowy",,Platforma M,Oferta ma charakter informacyjny. Szczegóły u autoryzowanego dealera Peugeot.,https://www.peugeot.pl/modele/expert.html,254487 PLN,CASH,,,254487 PLN,,Total,,,,,,,Electric
PEU-B9B8-871A-C626-C8E,Peugeot Expert Furgon Brygadowy Składany M · od 182163 PLN,Nowy Peugeot Expert Furgon Brygadowy Składany M · Diesel 1.5 120 KM · Sprawdź ofertę!,modelowy,Peugeot,Peugeot Expert,2025,https://www.peugeot.pl/modele/expert.html,https://visual3d-secure.peugeot.com/V3DImage.ashx?client=CFGAP3D&mkt=PL&env=PROD&version=2PK0F6HP7KB0A0L0&ratio=1&format=jpg&quality=90&width=1280&view=001&color=0MM00NF4&back=0,"Szary Artense, metaliczny",,Furgon Brygadowy Składany M,Oferta ma charakter informacyjny. Szczegóły u autoryzowanego dealera Peugeot.,https://www.peugeot.pl/modele/expert.html,182163 PLN,CASH,,,182163 PLN,,Total,,,,,,,Diesel
PEU-B9B8-871A-34FF-C8E,Peugeot Expert Furgon Brygadowy Składany M · od 182163 PLN,Nowy Peugeot Expert Furgon Brygadowy Składany M · Diesel 1.5 120 KM · Sprawdź ofertę!,modelowy,Peugeot,Peugeot Expert,2025,https://www.peugeot.pl/modele/expert.html,https://visual3d-secure.peugeot.com/V3DImage.ashx?client=CFGAP3D&mkt=PL&env=PROD&version=2PK0F6HP7KB0A0L0&ratio=1&format=jpg&quality=90&width=1280&view=001&color=0MM00N1J&back=0,"Szary Titane, metaliczny",,Furgon Brygadowy Składany M,Oferta ma charakter informacyjny. Szczegóły u autoryzowanego dealera Peugeot.,https://www.peugeot.pl/modele/expert.html,182163 PLN,CASH,,,182163 PLN,,Total,,,,,,,Diesel
PEU-B9B8-871A-41A5-C8E,Peugeot Expert Furgon Brygadowy Składany M · od 182163 PLN,Nowy Peugeot Expert Furgon Brygadowy Składany M · Diesel 1.5 120 KM · Sprawdź ofertę!,modelowy,Peugeot,Peugeot Expert,2025,https://www.peugeot.pl/modele/expert.html,https://visual3d-secure.peugeot.com/V3DImage.ashx?client=CFGAP3D&mkt=PL&env=PROD&version=2PK0F6HP7KB0A0L0&ratio=1&format=jpg&quality=90&width=1280&view=001&color=0MM00N9V&back=0,"Czarny Perla Nera, metaliczny",,Furgon Brygadowy Składany M,Oferta ma charakter informacyjny. Szczegóły u autoryzowanego dealera Peugeot.,https://www.peugeot.pl/modele/expert.html,182163 PLN,CASH,,,182163 PLN,,Total,,,,,,,Diesel
PEU-B9B8-871A-216D-C8E,Peugeot Expert Furgon Brygadowy Składany M · od 182163 PLN,Nowy Peugeot Expert Furgon Brygadowy Składany M · Diesel 1.5 120 KM · Sprawdź ofertę!,modelowy,Peugeot,Peugeot Expert,2025,https://www.peugeot.pl/modele/expert.html,https://visual3d-secure.peugeot.com/V3DImage.ashx?client=CFGAP3D&mkt=PL&env=PROD&version=2PK0F6HP7KB0A0L0&ratio=1&format=jpg&quality=90&width=1280&view=001&color=0MP00NPR&back=0,"Biały Kaolin, lakier bazowy",,Furgon Brygadowy Składany M,Oferta ma charakter informacyjny. Szczegóły u autoryzowanego dealera Peugeot.,https://www.peugeot.pl/modele/expert.html,182163 PLN,CASH,,,182163 PLN,,Total,,,,,,,Diesel
PEU-B9B8-871A-C626-494,Peugeot Expert Furgon Brygadowy Składany M · od 195201 PLN,Nowy Peugeot Expert Furgon Brygadowy Składany M · Diesel 2.2 150 KM · Sprawdź ofertę!,modelowy,Peugeot,Peugeot Expert,2025,https://www.peugeot.pl/modele/expert.html,https://visual3d-secure.peugeot.com/V3DImage.ashx?client=CFGAP3D&mkt=PL&env=PROD&version=2PK0F6HP7KB0A0L0&ratio=1&format=jpg&quality=90&width=1280&view=001&color=0MM00NF4&back=0,"Szary Artense, metaliczny",,Furgon Brygadowy Składany M,Oferta ma charakter informacyjny. Szczegóły u autoryzowanego dealera Peugeot.,https://www.peugeot.pl/modele/expert.html,195201 PLN,CASH,,,195201 PLN,,Total,,,,,,,Diesel
PEU-B9B8-871A-34FF-494,Peugeot Expert Furgon Brygadowy Składany M · od 195201 PLN,Nowy Peugeot Expert Furgon Brygadowy Składany M · Diesel 2.2 150 KM · Sprawdź ofertę!,modelowy,Peugeot,Peugeot Expert,2025,https://www.peugeot.pl/modele/expert.html,https://visual3d-secure.peugeot.com/V3DImage.ashx?client=CFGAP3D&mkt=PL&env=PROD&version=2PK0F6HP7KB0A0L0&ratio=1&format=jpg&quality=90&width=1280&view=001&color=0MM00N1J&back=0,"Szary Titane, metaliczny",,Furgon Brygadowy Składany M,Oferta ma charakter informacyjny. Szczegóły u autoryzowanego dealera Peugeot.,https://www.peugeot.pl/modele/expert.html,195201 PLN,CASH,,,195201 PLN,,Total,,,,,,,Diesel
PEU-B9B8-871A-41A5-494,Peugeot Expert Furgon Brygadowy Składany M · od 195201 PLN,Nowy Peugeot Expert Furgon Brygadowy Składany M · Diesel 2.2 150 KM · Sprawdź ofertę!,modelowy,Peugeot,Peugeot Expert,2025,https://www.peugeot.pl/modele/expert.html,https://visual3d-secure.peugeot.com/V3DImage.ashx?client=CFGAP3D&mkt=PL&env=PROD&version=2PK0F6HP7KB0A0L0&ratio=1&format=jpg&quality=90&width=1280&view=001&color=0MM00N9V&back=0,"Czarny Perla Nera, metaliczny",,Furgon Brygadowy Składany M,Oferta ma charakter informacyjny. Szczegóły u autoryzowanego dealera Peugeot.,https://www.peugeot.pl/modele/expert.html,195201 PLN,CASH,,,195201 PLN,,Total,,,,,,,Diesel
PEU-B9B8-871A-216D-494,Peugeot Expert Furgon Brygadowy Składany M · od 195201 PLN,Nowy Peugeot Expert Furgon Brygadowy Składany M · Diesel 2.2 150 KM · Sprawdź ofertę!,modelowy,Peugeot,Peugeot Expert,2025,https://www.peugeot.pl/modele/expert.html,https://visual3d-secure.peugeot.com/V3DImage.ashx?client=CFGAP3D&mkt=PL&env=PROD&version=2PK0F6HP7KB0A0L0&ratio=1&format=jpg&quality=90&width=1280&view=001&color=0MP00NPR&back=0,"Biały Kaolin, lakier bazowy",,Furgon Brygadowy Składany M,Oferta ma charakter informacyjny. Szczegóły u autoryzowanego dealera Peugeot.,https://www.peugeot.pl/modele/expert.html,195201 PLN,CASH,,,195201 PLN,,Total,,,,,,,Diesel
PEU-B9B8-DD8C-41A5-C8E,Peugeot Expert Furgon Brygadowy Składany XL · od 191388 PLN,Nowy Peugeot Expert Furgon Brygadowy Składany XL · Diesel 1.5 120 KM · Sprawdź ofertę!,modelowy,Peugeot,Peugeot Expert,2025,https://www.peugeot.pl/modele/expert.html,https://visual3d-secure.peugeot.com/V3DImage.ashx?client=CFGAP3D&mkt=PL&env=PROD&version=2PK0F9HP7KB0A0L0&ratio=1&format=jpg&quality=90&width=1280&view=001&color=0MM00N9V&back=0,"Czarny Perla Nera, metaliczny",,Furgon Brygadowy Składany XL,Oferta ma charakter informacyjny. Szczegóły u autoryzowanego dealera Peugeot.,https://www.peugeot.pl/modele/expert.html,191388 PLN,CASH,,,191388 PLN,,Total,,,,,,,Diesel
PEU-B9B8-DD8C-C626-C8E,Peugeot Expert Furgon Brygadowy Składany XL · od 191388 PLN,Nowy Peugeot Expert Furgon Brygadowy Składany XL · Diesel 1.5 120 KM · Sprawdź ofertę!,modelowy,Peugeot,Peugeot Expert,2025,https://www.peugeot.pl/modele/expert.html,https://visual3d-secure.peugeot.com/V3DImage.ashx?client=CFGAP3D&mkt=PL&env=PROD&version=2PK0F9HP7KB0A0L0&ratio=1&format=jpg&quality=90&width=1280&view=001&color=0MM00NF4&back=0,"Szary Artense, metaliczny",,Furgon Brygadowy Składany XL,Oferta ma charakter informacyjny. Szczegóły u autoryzowanego dealera Peugeot.,https://www.peugeot.pl/modele/expert.html,191388 PLN,CASH,,,191388 PLN,,Total,,,,,,,Diesel
PEU-B9B8-DD8C-34FF-C8E,Peugeot Expert Furgon Brygadowy Składany XL · od 191388 PLN,Nowy Peugeot Expert Furgon Brygadowy Składany XL · Diesel 1.5 120 KM · Sprawdź ofertę!,modelowy,Peugeot,Peugeot Expert,2025,https://www.peugeot.pl/modele/expert.html,https://visual3d-secure.peugeot.com/V3DImage.ashx?client=CFGAP3D&mkt=PL&env=PROD&version=2PK0F9HP7KB0A0L0&ratio=1&format=jpg&quality=90&width=1280&view=001&color=0MM00N1J&back=0,"Szary Titane, metaliczny",,Furgon Brygadowy Składany XL,Oferta ma charakter informacyjny. Szczegóły u autoryzowanego dealera Peugeot.,https://www.peugeot.pl/modele/expert.html,191388 PLN,CASH,,,191388 PLN,,Total,,,,,,,Diesel
PEU-B9B8-DD8C-216D-C8E,Peugeot Expert Furgon Brygadowy Składany XL · od 191388 PLN,Nowy Peugeot Expert Furgon Brygadowy Składany XL · Diesel 1.5 120 KM · Sprawdź ofertę!,modelowy,Peugeot,Peugeot Expert,2025,https://www.peugeot.pl/modele/expert.html,https://visual3d-secure.peugeot.com/V3DImage.ashx?client=CFGAP3D&mkt=PL&env=PROD&version=2PK0F9HP7KB0A0L0&ratio=1&format=jpg&quality=90&width=1280&view=001&color=0MP00NPR&back=0,"Biały Kaolin, lakier bazowy",,Furgon Brygadowy Składany XL,Oferta ma charakter informacyjny. Szczegóły u autoryzowanego dealera Peugeot.,https://www.peugeot.pl/modele/expert.html,191388 PLN,CASH,,,191388 PLN,,Total,,,,,,,Diesel
PEU-B9B8-DD8C-41A5-494,Peugeot Expert Furgon Brygadowy Składany XL · od 204426 PLN,Nowy Peugeot Expert Furgon Brygadowy Składany XL · Diesel 2.2 150 KM · Sprawdź ofertę!,modelowy,Peugeot,Peugeot Expert,2025,https://www.peugeot.pl/modele/expert.html,https://visual3d-secure.peugeot.com/V3DImage.ashx?client=CFGAP3D&mkt=PL&env=PROD&version=2PK0F9HP7KB0A0L0&ratio=1&format=jpg&quality=90&width=1280&view=001&color=0MM00N9V&back=0,"Czarny Perla Nera, metaliczny",,Furgon Brygadowy Składany XL,Oferta ma charakter informacyjny. Szczegóły u autoryzowanego dealera Peugeot.,https://www.peugeot.pl/modele/expert.html,204426 PLN,CASH,,,204426 PLN,,Total,,,,,,,Diesel
PEU-B9B8-DD8C-C626-494,Peugeot Expert Furgon Brygadowy Składany XL · od 204426 PLN,Nowy Peugeot Expert Furgon Brygadowy Składany XL · Diesel 2.2 150 KM · Sprawdź ofertę!,modelowy,Peugeot,Peugeot Expert,2025,https://www.peugeot.pl/modele/expert.html,https://visual3d-secure.peugeot.com/V3DImage.ashx?client=CFGAP3D&mkt=PL&env=PROD&version=2PK0F9HP7KB0A0L0&ratio=1&format=jpg&quality=90&width=1280&view=001&color=0MM00NF4&back=0,"Szary Artense, metaliczny",,Furgon Brygadowy Składany XL,Oferta ma charakter informacyjny. Szczegóły u autoryzowanego dealera Peugeot.,https://www.peugeot.pl/modele/expert.html,204426 PLN,CASH,,,204426 PLN,,Total,,,,,,,Diesel
PEU-B9B8-DD8C-34FF-494,Peugeot Expert Furgon Brygadowy Składany XL · od 204426 PLN,Nowy Peugeot Expert Furgon Brygadowy Składany XL · Diesel 2.2 150 KM · Sprawdź ofertę!,modelowy,Peugeot,Peugeot Expert,2025,https://www.peugeot.pl/modele/expert.html,https://visual3d-secure.peugeot.com/V3DImage.ashx?client=CFGAP3D&mkt=PL&env=PROD&version=2PK0F9HP7KB0A0L0&ratio=1&format=jpg&quality=90&width=1280&view=001&color=0MM00N1J&back=0,"Szary Titane, metaliczny",,Furgon Brygadowy Składany XL,Oferta ma charakter informacyjny. Szczegóły u autoryzowanego dealera Peugeot.,https://www.peugeot.pl/modele/expert.html,204426 PLN,CASH,,,204426 PLN,,Total,,,,,,,Diesel
PEU-B9B8-DD8C-216D-494,Peugeot Expert Furgon Brygadowy Składany XL · od 204426 PLN,Nowy Peugeot Expert Furgon Brygadowy Składany XL · Diesel 2.2 150 KM · Sprawdź ofertę!,modelowy,Peugeot,Peugeot Expert,2025,https://www.peugeot.pl/modele/expert.html,https://visual3d-secure.peugeot.com/V3DImage.ashx?client=CFGAP3D&mkt=PL&env=PROD&version=2PK0F9HP7KB0A0L0&ratio=1&format=jpg&quality=90&width=1280&view=001&color=0MP00NPR&back=0,"Biały Kaolin, lakier bazowy",,Furgon Brygadowy Składany XL,Oferta ma charakter informacyjny. Szczegóły u autoryzowanego dealera Peugeot.,https://www.peugeot.pl/modele/expert.html,204426 PLN,CASH,,,204426 PLN,,Total,,,,,,,Diesel
PEU-B9B8-0FD1-41A5-494,Peugeot Expert Furgon Brygadowy XL · od 201351 PLN,Nowy Peugeot Expert Furgon Brygadowy XL · Diesel 2.2 150 KM · Sprawdź ofertę!,modelowy,Peugeot,Peugeot Expert,2025,https://www.peugeot.pl/modele/expert.html,https://visual3d-secure.peugeot.com/V3DImage.ashx?client=CFGAP3D&mkt=PL&env=PROD&version=2PK0FLNJ6KB0A0L0&ratio=1&format=jpg&quality=90&width=1280&view=001&color=0MM00N9V&back=0,"Czarny Perla Nera, metaliczny",,Furgon Brygadowy XL,Oferta ma charakter informacyjny. Szczegóły u autoryzowanego dealera Peugeot.,https://www.peugeot.pl/modele/expert.html,201351 PLN,CASH,,,201351 PLN,,Total,,,,,,,Diesel
PEU-B9B8-0FD1-34FF-494,Peugeot Expert Furgon Brygadowy XL · od 201351 PLN,Nowy Peugeot Expert Furgon Brygadowy XL · Diesel 2.2 150 KM · Sprawdź ofertę!,modelowy,Peugeot,Peugeot Expert,2025,https://www.peugeot.pl/modele/expert.html,https://visual3d-secure.peugeot.com/V3DImage.ashx?client=CFGAP3D&mkt=PL&env=PROD&version=2PK0FLNJ6KB0A0L0&ratio=1&format=jpg&quality=90&width=1280&view=001&color=0MM00N1J&back=0,"Szary Titane, metaliczny",,Furgon Brygadowy XL,Oferta ma charakter informacyjny. Szczegóły u autoryzowanego dealera Peugeot.,https://www.peugeot.pl/modele/expert.html,201351 PLN,CASH,,,201351 PLN,,Total,,,,,,,Diesel
PEU-B9B8-0FD1-C626-494,Peugeot Expert Furgon Brygadowy XL · od 201351 PLN,Nowy Peugeot Expert Furgon Brygadowy XL · Diesel 2.2 150 KM · Sprawdź ofertę!,modelowy,Peugeot,Peugeot Expert,2025,https://www.peugeot.pl/modele/expert.html,https://visual3d-secure.peugeot.com/V3DImage.ashx?client=CFGAP3D&mkt=PL&env=PROD&version=2PK0FLNJ6KB0A0L0&ratio=1&format=jpg&quality=90&width=1280&view=001&color=0MM00NF4&back=0,"Szary Artense, metaliczny",,Furgon Brygadowy XL,Oferta ma charakter informacyjny. Szczegóły u autoryzowanego dealera Peugeot.,https://www.peugeot.pl/modele/expert.html,201351 PLN,CASH,,,201351 PLN,,Total,,,,,,,Diesel
PEU-B9B8-0FD1-216D-494,Peugeot Expert Furgon Brygadowy XL · od 201351 PLN,Nowy Peugeot Expert Furgon Brygadowy XL · Diesel 2.2 150 KM · Sprawdź ofertę!,modelowy,Peugeot,Peugeot Expert,2025,https://www.peugeot.pl/modele/expert.html,https://visual3d-secure.peugeot.com/V3DImage.ashx?client=CFGAP3D&mkt=PL&env=PROD&version=2PK0FLNJ6KB0A0L0&ratio=1&format=jpg&quality=90&width=1280&view=001&color=0MP00NPR&back=0,"Biały Kaolin, lakier bazowy",,Furgon Brygadowy XL,Oferta ma charakter informacyjny. Szczegóły u autoryzowanego dealera Peugeot.,https://www.peugeot.pl/modele/expert.html,201351 PLN,CASH,,,201351 PLN,,Total,,,,,,,Diesel
PEU-B9B8-0FD1-41A5-EE8,Peugeot Expert Furgon Brygadowy XL · od 215742 PLN,Nowy Peugeot Expert Furgon Brygadowy XL · Diesel 2.2 180 KM · Sprawdź ofertę!,modelowy,Peugeot,Peugeot Expert,2025,https://www.peugeot.pl/modele/expert.html,https://visual3d-secure.peugeot.com/V3DImage.ashx?client=CFGAP3D&mkt=PL&env=PROD&version=2PK0FLNJ6KB0A0L0&ratio=1&format=jpg&quality=90&width=1280&view=001&color=0MM00N9V&back=0,"Czarny Perla Nera, metaliczny",,Furgon Brygadowy XL,Oferta ma charakter informacyjny. Szczegóły u autoryzowanego dealera Peugeot.,https://www.peugeot.pl/modele/expert.html,215742 PLN,CASH,,,215742 PLN,,Total,,,,,,,Diesel
PEU-B9B8-0FD1-34FF-EE8,Peugeot Expert Furgon Brygadowy XL · od 215742 PLN,Nowy Peugeot Expert Furgon Brygadowy XL · Diesel 2.2 180 KM · Sprawdź ofertę!,modelowy,Peugeot,Peugeot Expert,2025,https://www.peugeot.pl/modele/expert.html,https://visual3d-secure.peugeot.com/V3DImage.ashx?client=CFGAP3D&mkt=PL&env=PROD&version=2PK0FLNJ6KB0A0L0&ratio=1&format=jpg&quality=90&width=1280&view=001&color=0MM00N1J&back=0,"Szary Titane, metaliczny",,Furgon Brygadowy XL,Oferta ma charakter informacyjny. Szczegóły u autoryzowanego dealera Peugeot.,https://www.peugeot.pl/modele/expert.html,215742 PLN,CASH,,,215742 PLN,,Total,,,,,,,Diesel
PEU-B9B8-0FD1-C626-EE8,Peugeot Expert Furgon Brygadowy XL · od 215742 PLN,Nowy Peugeot Expert Furgon Brygadowy XL · Diesel 2.2 180 KM · Sprawdź ofertę!,modelowy,Peugeot,Peugeot Expert,2025,https://www.peugeot.pl/modele/expert.html,https://visual3d-secure.peugeot.com/V3DImage.ashx?client=CFGAP3D&mkt=PL&env=PROD&version=2PK0FLNJ6KB0A0L0&ratio=1&format=jpg&quality=90&width=1280&view=001&color=0MM00NF4&back=0,"Szary Artense, metaliczny",,Furgon Brygadowy XL,Oferta ma charakter informacyjny. Szczegóły u autoryzowanego dealera Peugeot.,https://www.peugeot.pl/modele/expert.html,215742 PLN,CASH,,,215742 PLN,,Total,,,,,,,Diesel
PEU-B9B8-0FD1-216D-EE8,Peugeot Expert Furgon Brygadowy XL · od 215742 PLN,Nowy Peugeot Expert Furgon Brygadowy XL · Diesel 2.2 180 KM · Sprawdź ofertę!,modelowy,Peugeot,Peugeot Expert,2025,https://www.peugeot.pl/modele/expert.html,https://visual3d-secure.peugeot.com/V3DImage.ashx?client=CFGAP3D&mkt=PL&env=PROD&version=2PK0FLNJ6KB0A0L0&ratio=1&format=jpg&quality=90&width=1280&view=001&color=0MP00NPR&back=0,"Biały Kaolin, lakier bazowy",,Furgon Brygadowy XL,Oferta ma charakter informacyjny. Szczegóły u autoryzowanego dealera Peugeot.,https://www.peugeot.pl/modele/expert.html,215742 PLN,CASH,,,215742 PLN,,Total,,,,,,,Diesel
PEU-B9B8-0FD1-41A5-73B,Peugeot Expert Furgon Brygadowy XL · od 252642 PLN,Nowy Peugeot Expert Furgon Brygadowy XL · Elektryczny 136 KM 49 kWh · Sprawdź ofertę!,modelowy,Peugeot,Peugeot Expert,2025,https://www.peugeot.pl/modele/expert.html,https://visual3d-secure.peugeot.com/V3DImage.ashx?client=CFGAP3D&mkt=PL&env=PROD&version=2PK0FLNJ6KB0A0L0&ratio=1&format=jpg&quality=90&width=1280&view=001&color=0MM00N9V&back=0,"Czarny Perla Nera, metaliczny",,Furgon Brygadowy XL,Oferta ma charakter informacyjny. Szczegóły u autoryzowanego dealera Peugeot.,https://www.peugeot.pl/modele/expert.html,252642 PLN,CASH,,,252642 PLN,,Total,,,,,,,Electric
PEU-B9B8-0FD1-34FF-73B,Peugeot Expert Furgon Brygadowy XL · od 252642 PLN,Nowy Peugeot Expert Furgon Brygadowy XL · Elektryczny 136 KM 49 kWh · Sprawdź ofertę!,modelowy,Peugeot,Peugeot Expert,2025,https://www.peugeot.pl/modele/expert.html,https://visual3d-secure.peugeot.com/V3DImage.ashx?client=CFGAP3D&mkt=PL&env=PROD&version=2PK0FLNJ6KB0A0L0&ratio=1&format=jpg&quality=90&width=1280&view=001&color=0MM00N1J&back=0,"Szary Titane, metaliczny",,Furgon Brygadowy XL,Oferta ma charakter informacyjny. Szczegóły u autoryzowanego dealera Peugeot.,https://www.peugeot.pl/modele/expert.html,252642 PLN,CASH,,,252642 PLN,,Total,,,,,,,Electric
PEU-B9B8-0FD1-C626-73B,Peugeot Expert Furgon Brygadowy XL · od 252642 PLN,Nowy Peugeot Expert Furgon Brygadowy XL · Elektryczny 136 KM 49 kWh · Sprawdź ofertę!,modelowy,Peugeot,Peugeot Expert,2025,https://www.peugeot.pl/modele/expert.html,https://visual3d-secure.peugeot.com/V3DImage.ashx?client=CFGAP3D&mkt=PL&env=PROD&version=2PK0FLNJ6KB0A0L0&ratio=1&format=jpg&quality=90&width=1280&view=001&color=0MM00NF4&back=0,"Szary Artense, metaliczny",,Furgon Brygadowy XL,Oferta ma charakter informacyjny. Szczegóły u autoryzowanego dealera Peugeot.,https://www.peugeot.pl/modele/expert.html,252642 PLN,CASH,,,252642 PLN,,Total,,,,,,,Electric
PEU-B9B8-0FD1-216D-73B,Peugeot Expert Furgon Brygadowy XL · od 252642 PLN,Nowy Peugeot Expert Furgon Brygadowy XL · Elektryczny 136 KM 49 kWh · Sprawdź ofertę!,modelowy,Peugeot,Peugeot Expert,2025,https://www.peugeot.pl/modele/expert.html,https://visual3d-secure.peugeot.com/V3DImage.ashx?client=CFGAP3D&mkt=PL&env=PROD&version=2PK0FLNJ6KB0A0L0&ratio=1&format=jpg&quality=90&width=1280&view=001&color=0MP00NPR&back=0,"Biały Kaolin, lakier bazowy",,Furgon Brygadowy XL,Oferta ma charakter informacyjny. Szczegóły u autoryzowanego dealera Peugeot.,https://www.peugeot.pl/modele/expert.html,252642 PLN,CASH,,,252642 PLN,,Total,,,,,,,Electric
PEU-B9B8-0FD1-41A5-177,Peugeot Expert Furgon Brygadowy XL · od 282162 PLN,Nowy Peugeot Expert Furgon Brygadowy XL · Elektryczny 136 KM 75 kWh · Sprawdź ofertę!,modelowy,Peugeot,Peugeot Expert,2025,https://www.peugeot.pl/modele/expert.html,https://visual3d-secure.peugeot.com/V3DImage.ashx?client=CFGAP3D&mkt=PL&env=PROD&version=2PK0FLNJ6KB0A0L0&ratio=1&format=jpg&quality=90&width=1280&view=001&color=0MM00N9V&back=0,"Czarny Perla Nera, metaliczny",,Furgon Brygadowy XL,Oferta ma charakter informacyjny. Szczegóły u autoryzowanego dealera Peugeot.,https://www.peugeot.pl/modele/expert.html,282162 PLN,CASH,,,282162 PLN,,Total,,,,,,,Electric
PEU-B9B8-0FD1-34FF-177,Peugeot Expert Furgon Brygadowy XL · od 282162 PLN,Nowy Peugeot Expert Furgon Brygadowy XL · Elektryczny 136 KM 75 kWh · Sprawdź ofertę!,modelowy,Peugeot,Peugeot Expert,2025,https://www.peugeot.pl/modele/expert.html,https://visual3d-secure.peugeot.com/V3DImage.ashx?client=CFGAP3D&mkt=PL&env=PROD&version=2PK0FLNJ6KB0A0L0&ratio=1&format=jpg&quality=90&width=1280&view=001&color=0MM00N1J&back=0,"Szary Titane, metaliczny",,Furgon Brygadowy XL,Oferta ma charakter informacyjny. Szczegóły u autoryzowanego dealera Peugeot.,https://www.peugeot.pl/modele/expert.html,282162 PLN,CASH,,,282162 PLN,,Total,,,,,,,Electric
PEU-B9B8-0FD1-C626-177,Peugeot Expert Furgon Brygadowy XL · od 282162 PLN,Nowy Peugeot Expert Furgon Brygadowy XL · Elektryczny 136 KM 75 kWh · Sprawdź ofertę!,modelowy,Peugeot,Peugeot Expert,2025,https://www.peugeot.pl/modele/expert.html,https://visual3d-secure.peugeot.com/V3DImage.ashx?client=CFGAP3D&mkt=PL&env=PROD&version=2PK0FLNJ6KB0A0L0&ratio=1&format=jpg&quality=90&width=1280&view=001&color=0MM00NF4&back=0,"Szary Artense, metaliczny",,Furgon Brygadowy XL,Oferta ma charakter informacyjny. Szczegóły u autoryzowanego dealera Peugeot.,https://www.peugeot.pl/modele/expert.html,282162 PLN,CASH,,,282162 PLN,,Total,,,,,,,Electric
PEU-B9B8-0FD1-216D-177,Peugeot Expert Furgon Brygadowy XL · od 282162 PLN,Nowy Peugeot Expert Furgon Brygadowy XL · Elektryczny 136 KM 75 kWh · Sprawdź ofertę!,modelowy,Peugeot,Peugeot Expert,2025,https://www.peugeot.pl/modele/expert.html,https://visual3d-secure.peugeot.com/V3DImage.ashx?client=CFGAP3D&mkt=PL&env=PROD&version=2PK0FLNJ6KB0A0L0&ratio=1&format=jpg&quality=90&width=1280&view=001&color=0MP00NPR&back=0,"Biały Kaolin, lakier bazowy",,Furgon Brygadowy XL,Oferta ma charakter informacyjny. Szczegóły u autoryzowanego dealera Peugeot.,https://www.peugeot.pl/modele/expert.html,282162 PLN,CASH,,,282162 PLN,,Total,,,,,,,Electric
PEU-62B5-5D0E-107F-B75,Peugeot Rifter Allure · od 126400 PLN,Nowy Peugeot Rifter Allure · Benzyna 110KM · Sprawdź ofertę!,modelowy,Peugeot,Peugeot Rifter,2025,https://oferty.peugeot.pl/e-rifter-2/,https://visual3d-secure.peugeot.com/V3DImage.ashx?client=CFGAP3D&mkt=PL&env=PROD&version=1PK9K0THUKB0A0C0&ratio=1&format=jpg&quality=90&width=1280&view=001&color=0MM00NF4&back=0,Szary Artense,,Allure,Oferta ma charakter informacyjny. Szczegóły u autoryzowanego dealera Peugeot.,https://oferty.peugeot.pl/e-rifter-2/,126400 PLN,CASH,,,126400 PLN,,Total,,,,,,,Gasoline
PEU-62B5-5D0E-3B91-B75,Peugeot Rifter Allure · od 126400 PLN,Nowy Peugeot Rifter Allure · Benzyna 110KM · Sprawdź ofertę!,modelowy,Peugeot,Peugeot Rifter,2025,https://oferty.peugeot.pl/e-rifter-2/,https://visual3d-secure.peugeot.com/V3DImage.ashx?client=CFGAP3D&mkt=PL&env=PROD&version=1PK9K0THUKB0A0C0&ratio=1&format=jpg&quality=90&width=1280&view=001&color=0MM00N9V&back=0,Czarny Perla Nera,,Allure,Oferta ma charakter informacyjny. Szczegóły u autoryzowanego dealera Peugeot.,https://oferty.peugeot.pl/e-rifter-2/,126400 PLN,CASH,,,126400 PLN,,Total,,,,,,,Gasoline
PEU-62B5-5D0E-5DB8-B75,Peugeot Rifter Allure · od 126400 PLN,Nowy Peugeot Rifter Allure · Benzyna 110KM · Sprawdź ofertę!,modelowy,Peugeot,Peugeot Rifter,2025,https://oferty.peugeot.pl/e-rifter-2/,https://visual3d-secure.peugeot.com/V3DImage.ashx?client=CFGAP3D&mkt=PL&env=PROD&version=1PK9K0THUKB0A0C0&ratio=1&format=jpg&quality=90&width=1280&view=001&color=0MM00NU9&back=0,Niebieski Nazare,,Allure,Oferta ma charakter informacyjny. Szczegóły u autoryzowanego dealera Peugeot.,https://oferty.peugeot.pl/e-rifter-2/,126400 PLN,CASH,,,126400 PLN,,Total,,,,,,,Gasoline
PEU-62B5-5D0E-2ADE-B75,Peugeot Rifter Allure · od 126400 PLN,Nowy Peugeot Rifter Allure · Benzyna 110KM · Sprawdź ofertę!,modelowy,Peugeot,Peugeot Rifter,2025,https://oferty.peugeot.pl/e-rifter-2/,https://visual3d-secure.peugeot.com/V3DImage.ashx?client=CFGAP3D&mkt=PL&env=PROD&version=1PK9K0THUKB0A0C0&ratio=1&format=jpg&quality=90&width=1280&view=001&color=0MM00NM6&back=0,Niebieski Libeccio,,Allure,Oferta ma charakter informacyjny. Szczegóły u autoryzowanego dealera Peugeot.,https://oferty.peugeot.pl/e-rifter-2/,126400 PLN,CASH,,,126400 PLN,,Total,,,,,,,Gasoline
PEU-62B5-5D0E-D842-B75,Peugeot Rifter Allure · od 126400 PLN,Nowy Peugeot Rifter Allure · Benzyna 110KM · Sprawdź ofertę!,modelowy,Peugeot,Peugeot Rifter,2025,https://oferty.peugeot.pl/e-rifter-2/,https://visual3d-secure.peugeot.com/V3DImage.ashx?client=CFGAP3D&mkt=PL&env=PROD&version=1PK9K0THUKB0A0C0&ratio=1&format=jpg&quality=90&width=1280&view=001&color=0MM00N4Q&back=0,Khaki Backpacker,,Allure,Oferta ma charakter informacyjny. Szczegóły u autoryzowanego dealera Peugeot.,https://oferty.peugeot.pl/e-rifter-2/,126400 PLN,CASH,,,126400 PLN,,Total,,,,,,,Gasoline
PEU-62B5-5D0E-88B7-B75,Peugeot Rifter Allure · od 126400 PLN,Nowy Peugeot Rifter Allure · Benzyna 110KM · Sprawdź ofertę!,modelowy,Peugeot,Peugeot Rifter,2025,https://oferty.peugeot.pl/e-rifter-2/,https://visual3d-secure.peugeot.com/V3DImage.ashx?client=CFGAP3D&mkt=PL&env=PROD&version=1PK9K0THUKB0A0C0&ratio=1&format=jpg&quality=90&width=1280&view=001&color=0MP00NPR&back=0,Biały Icy White,,Allure,Oferta ma charakter informacyjny. Szczegóły u autoryzowanego dealera Peugeot.,https://oferty.peugeot.pl/e-rifter-2/,126400 PLN,CASH,,,126400 PLN,,Total,,,,,,,Gasoline
PEU-62B5-5D0E-107F-B76,Peugeot Rifter Allure · od 129600 PLN,Nowy Peugeot Rifter Allure · Diesel 100KM · Sprawdź ofertę!,modelowy,Peugeot,Peugeot Rifter,2025,https://oferty.peugeot.pl/e-rifter-2/,https://visual3d-secure.peugeot.com/V3DImage.ashx?client=CFGAP3D&mkt=PL&env=PROD&version=1PK9K0THUKB0A0C0&ratio=1&format=jpg&quality=90&width=1280&view=001&color=0MM00NF4&back=0,Szary Artense,,Allure,Oferta ma charakter informacyjny. Szczegóły u autoryzowanego dealera Peugeot.,https://oferty.peugeot.pl/e-rifter-2/,129600 PLN,CASH,,,129600 PLN,,Total,,,,,,,Diesel
PEU-62B5-5D0E-3B91-B76,Peugeot Rifter Allure · od 129600 PLN,Nowy Peugeot Rifter Allure · Diesel 100KM · Sprawdź ofertę!,modelowy,Peugeot,Peugeot Rifter,2025,https://oferty.peugeot.pl/e-rifter-2/,https://visual3d-secure.peugeot.com/V3DImage.ashx?client=CFGAP3D&mkt=PL&env=PROD&version=1PK9K0THUKB0A0C0&ratio=1&format=jpg&quality=90&width=1280&view=001&color=0MM00N9V&back=0,Czarny Perla Nera,,Allure,Oferta ma charakter informacyjny. Szczegóły u autoryzowanego dealera Peugeot.,https://oferty.peugeot.pl/e-rifter-2/,129600 PLN,CASH,,,129600 PLN,,Total,,,,,,,Diesel
PEU-62B5-5D0E-5DB8-B76,Peugeot Rifter Allure · od 129600 PLN,Nowy Peugeot Rifter Allure · Diesel 100KM · Sprawdź ofertę!,modelowy,Peugeot,Peugeot Rifter,2025,https://oferty.peugeot.pl/e-rifter-2/,https://visual3d-secure.peugeot.com/V3DImage.ashx?client=CFGAP3D&mkt=PL&env=PROD&version=1PK9K0THUKB0A0C0&ratio=1&format=jpg&quality=90&width=1280&view=001&color=0MM00NU9&back=0,Niebieski Nazare,,Allure,Oferta ma charakter informacyjny. Szczegóły u autoryzowanego dealera Peugeot.,https://oferty.peugeot.pl/e-rifter-2/,129600 PLN,CASH,,,129600 PLN,,Total,,,,,,,Diesel
PEU-62B5-5D0E-2ADE-B76,Peugeot Rifter Allure · od 129600 PLN,Nowy Peugeot Rifter Allure · Diesel 100KM · Sprawdź ofertę!,modelowy,Peugeot,Peugeot Rifter,2025,https://oferty.peugeot.pl/e-rifter-2/,https://visual3d-secure.peugeot.com/V3DImage.ashx?client=CFGAP3D&mkt=PL&env=PROD&version=1PK9K0THUKB0A0C0&ratio=1&format=jpg&quality=90&width=1280&view=001&color=0MM00NM6&back=0,Niebieski Libeccio,,Allure,Oferta ma charakter informacyjny. Szczegóły u autoryzowanego dealera Peugeot.,https://oferty.peugeot.pl/e-rifter-2/,129600 PLN,CASH,,,129600 PLN,,Total,,,,,,,Diesel
PEU-62B5-5D0E-D842-B76,Peugeot Rifter Allure · od 129600 PLN,Nowy Peugeot Rifter Allure · Diesel 100KM · Sprawdź ofertę!,modelowy,Peugeot,Peugeot Rifter,2025,https://oferty.peugeot.pl/e-rifter-2/,https://visual3d-secure.peugeot.com/V3DImage.ashx?client=CFGAP3D&mkt=PL&env=PROD&version=1PK9K0THUKB0A0C0&ratio=1&format=jpg&quality=90&width=1280&view=001&color=0MM00N4Q&back=0,Khaki Backpacker,,Allure,Oferta ma charakter informacyjny. Szczegóły u autoryzowanego dealera Peugeot.,https://oferty.peugeot.pl/e-rifter-2/,129600 PLN,CASH,,,129600 PLN,,Total,,,,,,,Diesel
PEU-62B5-5D0E-88B7-B76,Peugeot Rifter Allure · od 129600 PLN,Nowy Peugeot Rifter Allure · Diesel 100KM · Sprawdź ofertę!,modelowy,Peugeot,Peugeot Rifter,2025,https://oferty.peugeot.pl/e-rifter-2/,https://visual3d-secure.peugeot.com/V3DImage.ashx?client=CFGAP3D&mkt=PL&env=PROD&version=1PK9K0THUKB0A0C0&ratio=1&format=jpg&quality=90&width=1280&view=001&color=0MP00NPR&back=0,Biały Icy White,,Allure,Oferta ma charakter informacyjny. Szczegóły u autoryzowanego dealera Peugeot.,https://oferty.peugeot.pl/e-rifter-2/,129600 PLN,CASH,,,129600 PLN,,Total,,,,,,,Diesel
PEU-62B5-5D0E-107F-B73,Peugeot Rifter Allure · od 135300 PLN,Nowy Peugeot Rifter Allure · Diesel 130KM · Sprawdź ofertę!,modelowy,Peugeot,Peugeot Rifter,2025,https://oferty.peugeot.pl/e-rifter-2/,https://visual3d-secure.peugeot.com/V3DImage.ashx?client=CFGAP3D&mkt=PL&env=PROD&version=1PK9K0THUKB0A0C0&ratio=1&format=jpg&quality=90&width=1280&view=001&color=0MM00NF4&back=0,Szary Artense,,Allure,Oferta ma charakter informacyjny. Szczegóły u autoryzowanego dealera Peugeot.,https://oferty.peugeot.pl/e-rifter-2/,135300 PLN,CASH,,,135300 PLN,,Total,,,,,,,Diesel
PEU-62B5-5D0E-3B91-B73,Peugeot Rifter Allure · od 135300 PLN,Nowy Peugeot Rifter Allure · Diesel 130KM · Sprawdź ofertę!,modelowy,Peugeot,Peugeot Rifter,2025,https://oferty.peugeot.pl/e-rifter-2/,https://visual3d-secure.peugeot.com/V3DImage.ashx?client=CFGAP3D&mkt=PL&env=PROD&version=1PK9K0THUKB0A0C0&ratio=1&format=jpg&quality=90&width=1280&view=001&color=0MM00N9V&back=0,Czarny Perla Nera,,Allure,Oferta ma charakter informacyjny. Szczegóły u autoryzowanego dealera Peugeot.,https://oferty.peugeot.pl/e-rifter-2/,135300 PLN,CASH,,,135300 PLN,,Total,,,,,,,Diesel
PEU-62B5-5D0E-5DB8-B73,Peugeot Rifter Allure · od 135300 PLN,Nowy Peugeot Rifter Allure · Diesel 130KM · Sprawdź ofertę!,modelowy,Peugeot,Peugeot Rifter,2025,https://oferty.peugeot.pl/e-rifter-2/,https://visual3d-secure.peugeot.com/V3DImage.ashx?client=CFGAP3D&mkt=PL&env=PROD&version=1PK9K0THUKB0A0C0&ratio=1&format=jpg&quality=90&width=1280&view=001&color=0MM00NU9&back=0,Niebieski Nazare,,Allure,Oferta ma charakter informacyjny. Szczegóły u autoryzowanego dealera Peugeot.,https://oferty.peugeot.pl/e-rifter-2/,135300 PLN,CASH,,,135300 PLN,,Total,,,,,,,Diesel
PEU-62B5-5D0E-2ADE-B73,Peugeot Rifter Allure · od 135300 PLN,Nowy Peugeot Rifter Allure · Diesel 130KM · Sprawdź ofertę!,modelowy,Peugeot,Peugeot Rifter,2025,https://oferty.peugeot.pl/e-rifter-2/,https://visual3d-secure.peugeot.com/V3DImage.ashx?client=CFGAP3D&mkt=PL&env=PROD&version=1PK9K0THUKB0A0C0&ratio=1&format=jpg&quality=90&width=1280&view=001&color=0MM00NM6&back=0,Niebieski Libeccio,,Allure,Oferta ma charakter informacyjny. Szczegóły u autoryzowanego dealera Peugeot.,https://oferty.peugeot.pl/e-rifter-2/,135300 PLN,CASH,,,135300 PLN,,Total,,,,,,,Diesel
PEU-62B5-5D0E-D842-B73,Peugeot Rifter Allure · od 135300 PLN,Nowy Peugeot Rifter Allure · Diesel 130KM · Sprawdź ofertę!,modelowy,Peugeot,Peugeot Rifter,2025,https://oferty.peugeot.pl/e-rifter-2/,https://visual3d-secure.peugeot.com/V3DImage.ashx?client=CFGAP3D&mkt=PL&env=PROD&version=1PK9K0THUKB0A0C0&ratio=1&format=jpg&quality=90&width=1280&view=001&color=0MM00N4Q&back=0,Khaki Backpacker,,Allure,Oferta ma charakter informacyjny. Szczegóły u autoryzowanego dealera Peugeot.,https://oferty.peugeot.pl/e-rifter-2/,135300 PLN,CASH,,,135300 PLN,,Total,,,,,,,Diesel
PEU-62B5-5D0E-88B7-B73,Peugeot Rifter Allure · od 135300 PLN,Nowy Peugeot Rifter Allure · Diesel 130KM · Sprawdź ofertę!,modelowy,Peugeot,Peugeot Rifter,2025,https://oferty.peugeot.pl/e-rifter-2/,https://visual3d-secure.peugeot.com/V3DImage.ashx?client=CFGAP3D&mkt=PL&env=PROD&version=1PK9K0THUKB0A0C0&ratio=1&format=jpg&quality=90&width=1280&view=001&color=0MP00NPR&back=0,Biały Icy White,,Allure,Oferta ma charakter informacyjny. Szczegóły u autoryzowanego dealera Peugeot.,https://oferty.peugeot.pl/e-rifter-2/,135300 PLN,CASH,,,135300 PLN,,Total,,,,,,,Diesel
